[barrnap] Found: 16S_rRNA s11.ctg000020c L=1493/1585 298886..300378 + 16S ribosomal RNA	C04M3_hifiasm_r63_complete.11
[barrnap] Found: 16S_rRNA s152.ctg000258c L=1525/1585 1539745..1541269 + 16S ribosomal RNA	C04M3_hifiasm_r63_complete.113
[barrnap] Found: 16S_rRNA s152.ctg000258c L=1525/1585 658121..659645 - 16S ribosomal RNA	C04M3_hifiasm_r63_complete.113
[barrnap] Found: 16S_rRNA s12.ctg000022c L=1509/1585 1619520..1621028 + 16S ribosomal RNA	C04M3_hifiasm_r63_complete.13
[barrnap] Found: 16S_rRNA s12.ctg000022c L=1509/1585 2121346..2122854 + 16S ribosomal RNA	C04M3_hifiasm_r63_complete.13
[barrnap] Found: 16S_rRNA s12.ctg000022c L=1509/1585 911459..912967 - 16S ribosomal RNA	C04M3_hifiasm_r63_complete.13
[barrnap] Found: 16S_rRNA s345.ctg000495c L=1506/1585 768969..770474 + 16S ribosomal RNA	C04M3_hifiasm_r63_complete.148
[barrnap] Found: 16S_rRNA s345.ctg000495c L=1506/1585 1950885..1952390 - 16S ribosomal RNA	C04M3_hifiasm_r63_complete.148
[barrnap] Found: 16S_rRNA s15.ctg000027c L=1497/1585 317964..319460 + 16S ribosomal RNA	C04M3_hifiasm_r63_complete.16
[barrnap] Found: 16S_rRNA s15.ctg000027c L=1497/1585 731058..732554 + 16S ribosomal RNA	C04M3_hifiasm_r63_complete.16
[barrnap] Found: 16S_rRNA s15.ctg000027c L=1497/1585 1859340..1860836 - 16S ribosomal RNA	C04M3_hifiasm_r63_complete.16
[barrnap] Found: 16S_rRNA s32.ctg000069c L=1524/1585 174226..175749 + 16S ribosomal RNA	C04M3_hifiasm_r63_complete.40
[barrnap] Found: 16S_rRNA s32.ctg000069c L=1524/1585 255672..257195 + 16S ribosomal RNA	C04M3_hifiasm_r63_complete.40
[barrnap] Found: 16S_rRNA s32.ctg000069c L=1524/1585 465058..466581 + 16S ribosomal RNA	C04M3_hifiasm_r63_complete.40
[barrnap] Found: 16S_rRNA s32.ctg000069c L=1524/1585 2000152..2001675 - 16S ribosomal RNA	C04M3_hifiasm_r63_complete.40
[barrnap] Found: 16S_rRNA s32.ctg000069c L=1524/1585 2005577..2007100 - 16S ribosomal RNA	C04M3_hifiasm_r63_complete.40
[barrnap] Found: 16S_rRNA s40.ctg000087l L=1528/1585 848545..850072 - 16S ribosomal RNA	C04M3_hifiasm_r63_complete.49
[barrnap] Found: 16S_rRNA s40.ctg000087l L=1528/1585 4089043..4090570 - 16S ribosomal RNA	C04M3_hifiasm_r63_complete.49
[barrnap] Found: 16S_rRNA s0.ctg000010l L=1529/1585 3101992..3103520 + 16S ribosomal RNA	C04M3_hifiasm_r63_complete.5
[barrnap] Found: 16S_rRNA s0.ctg000010l L=1529/1585 474974..476502 + 16S ribosomal RNA	C04M3_hifiasm_r63_complete.5
[barrnap] Found: 16S_rRNA s0.ctg000010l L=1529/1585 124748..126276 + 16S ribosomal RNA	C04M3_hifiasm_r63_complete.5
[barrnap] Found: 16S_rRNA s0.ctg000010l L=1529/1585 685449..686977 + 16S ribosomal RNA	C04M3_hifiasm_r63_complete.5
[barrnap] Found: 16S_rRNA s41.ctg000090l L=1516/1585 984291..985806 + 16S ribosomal RNA	C04M3_hifiasm_r63_complete.52
[barrnap] Found: 16S_rRNA s41.ctg000090l L=1516/1585 1309738..1311253 + 16S ribosomal RNA	C04M3_hifiasm_r63_complete.52
[barrnap] Found: 16S_rRNA s66.ctg000139l L=1527/1585 1505192..1506718 + 16S ribosomal RNA	C04M3_hifiasm_r63_complete.76
[barrnap] Found: 16S_rRNA s66.ctg000139l L=1527/1585 562774..564300 - 16S ribosomal RNA	C04M3_hifiasm_r63_complete.76
[barrnap] Found: 16S_rRNA s66.ctg000139l L=1527/1585 1086373..1087899 - 16S ribosomal RNA	C04M3_hifiasm_r63_complete.76
[barrnap] Found: 16S_rRNA s0.ctg000187l L=1526/1585 3200514..3202039 - 16S ribosomal RNA	C04M3_hifiasm_r63_complete.94
[barrnap] Found: 16S_rRNA s0.ctg000187l L=1526/1585 799764..801289 + 16S ribosomal RNA	C04M3_hifiasm_r63_complete.94
[barrnap] Found: 16S_rRNA s0.ctg000187l L=1526/1585 2843580..2845105 - 16S ribosomal RNA	C04M3_hifiasm_r63_complete.94
[barrnap] Found: 16S_rRNA s0.ctg000187l L=1526/1585 2246022..2247547 - 16S ribosomal RNA	C04M3_hifiasm_r63_complete.94
[barrnap] Found: 16S_rRNA s9.ctg000072l L=1533/1585 1310113..1311645 - 16S ribosomal RNA	C04M3_hifiasm_r63_metabat2.102
[barrnap] Found: 16S_rRNA s9.ctg000246l L=1533/1585 119543..121075 - 16S ribosomal RNA	C04M3_hifiasm_r63_metabat2.102
[barrnap] Found: 16S_rRNA s9.ctg000246l L=1533/1585 1961796..1963328 + 16S ribosomal RNA	C04M3_hifiasm_r63_metabat2.102
[barrnap] Found: 16S_rRNA s9.ctg000072l L=1451/1585 795229..796679 - 16S ribosomal RNA	C04M3_hifiasm_r63_metabat2.102
[barrnap] Found: 16S_rRNA s250.ctg000385l L=1521/1585 653788..655308 + 16S ribosomal RNA	C04M3_hifiasm_r63_metabat2.104
[barrnap] Found: 16S_rRNA s938.ctg001153l L=1521/1585 78097..79617 - 16S ribosomal RNA	C04M3_hifiasm_r63_metabat2.104
[barrnap] Found: 16S_rRNA s9.ctg000067l L=1536/1585 1845972..1847507 - 16S ribosomal RNA	C04M3_hifiasm_r63_metabat2.127
[barrnap] Found: 16S_rRNA s9.ctg000067l L=1536/1585 661823..663358 + 16S ribosomal RNA	C04M3_hifiasm_r63_metabat2.127
[barrnap] Found: 16S_rRNA s9.ctg000042l L=1518/1585 1311341..1312858 + 16S ribosomal RNA	C04M3_hifiasm_r63_metabat2.127
[barrnap] Found: 16S_rRNA s9.ctg000042l L=1518/1585 1031092..1032609 + 16S ribosomal RNA	C04M3_hifiasm_r63_metabat2.127
[barrnap] Found: 16S_rRNA s9.ctg000067l L=1518/1585 405212..406729 + 16S ribosomal RNA	C04M3_hifiasm_r63_metabat2.127
[barrnap] Found: 16S_rRNA s262.ctg000399l L=1526/1585 4541..6066 + 16S ribosomal RNA	C04M3_hifiasm_r63_metabat2.138
[barrnap] Found: 16S_rRNA s0.ctg000163l L=1526/1585 806672..808197 + 16S ribosomal RNA	C04M3_hifiasm_r63_metabat2.138
[barrnap] Found: 16S_rRNA s262.ctg000399l L=1526/1585 302020..303545 + 16S ribosomal RNA	C04M3_hifiasm_r63_metabat2.138
[barrnap] Found: 16S_rRNA s0.ctg000305l L=1526/1585 1055403..1056928 - 16S ribosomal RNA	C04M3_hifiasm_r63_metabat2.138
[barrnap] Found: 16S_rRNA s9.ctg000109l L=1532/1585 776900..778431 - 16S ribosomal RNA	C04M3_hifiasm_r63_metabat2.148
[barrnap] Found: 16S_rRNA s9.ctg000109l L=1532/1585 2409448..2410979 - 16S ribosomal RNA	C04M3_hifiasm_r63_metabat2.148
[barrnap] Found: 16S_rRNA s9.ctg000109l L=1532/1585 2566424..2567955 - 16S ribosomal RNA	C04M3_hifiasm_r63_metabat2.148
[barrnap] Found: 16S_rRNA s9.ctg000109l L=1532/1585 1864047..1865578 - 16S ribosomal RNA	C04M3_hifiasm_r63_metabat2.148
[barrnap] Found: 16S_rRNA s90.ctg000170l L=1532/1585 321096..322627 - 16S ribosomal RNA	C04M3_hifiasm_r63_metabat2.155
[barrnap] Found: 16S_rRNA s90.ctg000170l L=1532/1585 1380057..1381588 + 16S ribosomal RNA	C04M3_hifiasm_r63_metabat2.155
[barrnap] Found: 16S_rRNA s56.ctg000115l L=1532/1585 298769..300300 + 16S ribosomal RNA	C04M3_hifiasm_r63_metabat2.155
[barrnap] Found: 16S_rRNA s56.ctg000115l L=1532/1585 366599..368130 + 16S ribosomal RNA	C04M3_hifiasm_r63_metabat2.155
[barrnap] Found: 16S_rRNA s155.ctg000261l L=1519/1585 971198..972716 - 16S ribosomal RNA	C04M3_hifiasm_r63_metabat2.158
[barrnap] Found: 16S_rRNA s9.ctg000120l L=1519/1585 517748..519266 + 16S ribosomal RNA	C04M3_hifiasm_r63_metabat2.158
[barrnap] Found: 16S_rRNA s9.ctg000120l L=1519/1585 316562..318080 + 16S ribosomal RNA	C04M3_hifiasm_r63_metabat2.158
[barrnap] Found: 16S_rRNA s0.ctg000132l L=1534/1585 487931..489464 + 16S ribosomal RNA	C04M3_hifiasm_r63_metabat2.167
[barrnap] Found: 16S_rRNA s0.ctg000322l L=1534/1585 119725..121258 + 16S ribosomal RNA	C04M3_hifiasm_r63_metabat2.167
[barrnap] Found: 16S_rRNA s0.ctg000322l L=1534/1585 607538..609071 + 16S ribosomal RNA	C04M3_hifiasm_r63_metabat2.167
[barrnap] Found: 16S_rRNA s0.ctg000322l L=1534/1585 981302..982835 + 16S ribosomal RNA	C04M3_hifiasm_r63_metabat2.167
[barrnap] Found: 16S_rRNA s87.ctg000167l L=1508/1585 1935129..1936636 + 16S ribosomal RNA	C04M3_hifiasm_r63_metabat2.183
[barrnap] Found: 16S_rRNA s87.ctg000167l L=1508/1585 1970301..1971808 + 16S ribosomal RNA	C04M3_hifiasm_r63_metabat2.183
[barrnap] Found: 16S_rRNA s9.ctg000490l L=1524/1585 259596..261119 - 16S ribosomal RNA	C04M3_hifiasm_r63_metabat2.196
[barrnap] Found: 16S_rRNA s129.ctg000218l L=1523/1585 627799..629321 + 16S ribosomal RNA	C04M3_hifiasm_r63_metabat2.196
[barrnap] Found: 16S_rRNA s129.ctg000218l L=1523/1585 478758..480280 + 16S ribosomal RNA	C04M3_hifiasm_r63_metabat2.196
[barrnap] Found: 16S_rRNA s9.ctg000272l L=1523/1585 664016..665538 - 16S ribosomal RNA	C04M3_hifiasm_r63_metabat2.196
[barrnap] Found: 16S_rRNA s129.ctg000218l L=1523/1585 2096371..2097893 + 16S ribosomal RNA	C04M3_hifiasm_r63_metabat2.196
[barrnap] Found: 16S_rRNA s9.ctg000089l L=1531/1585 1488437..1489967 - 16S ribosomal RNA	C04M3_hifiasm_r63_metabat2.23
[barrnap] Found: 16S_rRNA s9.ctg000089l L=1531/1585 211864..213394 + 16S ribosomal RNA	C04M3_hifiasm_r63_metabat2.23
[barrnap] Found: 16S_rRNA s9.ctg000089l L=1531/1585 2578118..2579648 + 16S ribosomal RNA	C04M3_hifiasm_r63_metabat2.23
[barrnap] Found: 16S_rRNA s9.ctg000089l L=1531/1585 2690623..2692153 + 16S ribosomal RNA	C04M3_hifiasm_r63_metabat2.23
[barrnap] Found: 16S_rRNA s9.ctg000158l L=1529/1585 125778..127306 - 16S ribosomal RNA	C04M3_hifiasm_r63_metabat2.62
[barrnap] Found: 16S_rRNA s9.ctg000059l L=1529/1585 2077745..2079273 - 16S ribosomal RNA	C04M3_hifiasm_r63_metabat2.62
[barrnap] Found: 16S_rRNA s9.ctg000158l L=1529/1585 334670..336198 + 16S ribosomal RNA	C04M3_hifiasm_r63_metabat2.62
[barrnap] Found: 16S_rRNA s9.ctg000640l L=1529/1585 256245..257773 - 16S ribosomal RNA	C04M3_hifiasm_r63_metabat2.62
[barrnap] Found: 16S_rRNA s9.ctg000059l L=1529/1585 1801621..1803149 - 16S ribosomal RNA	C04M3_hifiasm_r63_metabat2.62
[barrnap] Found: 16S_rRNA s9.ctg000066l L=1527/1585 2498529..2500055 + 16S ribosomal RNA	C04M3_hifiasm_r63_metabat2.78
[barrnap] Found: 16S_rRNA s9.ctg000066l L=1527/1585 1742165..1743691 - 16S ribosomal RNA	C04M3_hifiasm_r63_metabat2.78
[barrnap] Found: 16S_rRNA s9.ctg000066l L=1527/1585 1814031..1815557 - 16S ribosomal RNA	C04M3_hifiasm_r63_metabat2.78
[barrnap] Found: 16S_rRNA s9.ctg000125l L=1527/1585 49211..50737 + 16S ribosomal RNA	C04M3_hifiasm_r63_metabat2.78
[barrnap] Found: 16S_rRNA s321.ctg000466l L=1517/1585 19311..20827 - 16S ribosomal RNA	C04M3_hifiasm_r63_metabat2.84_sub
[barrnap] Found: 16S_rRNA s577.ctg000765l L=1582/1585 55637..57218 + 16S ribosomal RNA	C04M3_hifiasm_r63_semibin2_0
[barrnap] Found: 16S_rRNA s258.ctg000395l L=1581/1585 869288..870868 + 16S ribosomal RNA	C04M3_hifiasm_r63_semibin2_0
[barrnap] Found: 16S_rRNA s9.ctg000013l L=1530/1585 1193331..1194860 + 16S ribosomal RNA	C04M3_hifiasm_r63_semibin2_10
[barrnap] Found: 16S_rRNA s9.ctg000301l L=1530/1585 80061..81590 - 16S ribosomal RNA	C04M3_hifiasm_r63_semibin2_10
[barrnap] Found: 16S_rRNA s9.ctg000015l L=1529/1585 629559..631087 + 16S ribosomal RNA	C04M3_hifiasm_r63_semibin2_10
[barrnap] Found: 16S_rRNA s401.ctg000562l L=1537/1585 990542..992078 - 16S ribosomal RNA	C04M3_hifiasm_r63_semibin2_1
[barrnap] Found: 16S_rRNA s401.ctg000562l L=1537/1585 129374..130910 - 16S ribosomal RNA	C04M3_hifiasm_r63_semibin2_1
[barrnap] Found: 16S_rRNA s401.ctg000562l L=1537/1585 770235..771771 - 16S ribosomal RNA	C04M3_hifiasm_r63_semibin2_1
[barrnap] Found: 16S_rRNA s401.ctg000562l L=1537/1585 374716..376252 - 16S ribosomal RNA	C04M3_hifiasm_r63_semibin2_1
[barrnap] Found: 16S_rRNA s401.ctg000562l L=1537/1585 218448..219984 - 16S ribosomal RNA	C04M3_hifiasm_r63_semibin2_1
[barrnap] Found: 16S_rRNA s0.ctg000147l L=1536/1585 527287..528822 - 16S ribosomal RNA	C04M3_hifiasm_r63_semibin2_12
[barrnap] Found: 16S_rRNA s0.ctg000075l L=1536/1585 1053386..1054921 + 16S ribosomal RNA	C04M3_hifiasm_r63_semibin2_12
[barrnap] Found: 16S_rRNA s0.ctg000247l L=1536/1585 528053..529588 - 16S ribosomal RNA	C04M3_hifiasm_r63_semibin2_12
[barrnap] Found: 16S_rRNA s0.ctg000075l L=1536/1585 230230..231765 - 16S ribosomal RNA	C04M3_hifiasm_r63_semibin2_12
[barrnap] Found: 16S_rRNA s21.ctg000038l L=1529/1585 2044093..2045621 - 16S ribosomal RNA	C04M3_hifiasm_r63_semibin2_13
[barrnap] Found: 16S_rRNA s21.ctg000038l L=1529/1585 2941739..2943267 + 16S ribosomal RNA	C04M3_hifiasm_r63_semibin2_13
[barrnap] Found: 16S_rRNA s9.ctg000034l L=1512/1585 325312..326823 + 16S ribosomal RNA	C04M3_hifiasm_r63_semibin2_14
[barrnap] Found: 16S_rRNA s9.ctg000043l L=1512/1585 186206..187717 + 16S ribosomal RNA	C04M3_hifiasm_r63_semibin2_14
[barrnap] Found: 16S_rRNA s9.ctg000063l L=1512/1585 278124..279635 - 16S ribosomal RNA	C04M3_hifiasm_r63_semibin2_14
[barrnap] Found: 16S_rRNA s9.ctg000966l L=1512/1585 163866..165377 + 16S ribosomal RNA	C04M3_hifiasm_r63_semibin2_14
[barrnap] Found: 16S_rRNA s9.ctg000063l L=1512/1585 817148..818659 - 16S ribosomal RNA	C04M3_hifiasm_r63_semibin2_14
[barrnap] Found: 16S_rRNA s71.ctg000146l L=1531/1585 362632..364162 - 16S ribosomal RNA	C04M3_hifiasm_r63_semibin2_16
[barrnap] Found: 16S_rRNA s44.ctg000097l L=1531/1585 252866..254396 + 16S ribosomal RNA	C04M3_hifiasm_r63_semibin2_16
[barrnap] Found: 16S_rRNA s0.ctg000700l L=1531/1585 71247..72777 - 16S ribosomal RNA	C04M3_hifiasm_r63_semibin2_16
[barrnap] Found: 16S_rRNA s71.ctg000146l L=1531/1585 1186850..1188380 + 16S ribosomal RNA	C04M3_hifiasm_r63_semibin2_16
[barrnap] Found: 16S_rRNA s71.ctg000146l L=1531/1585 752232..753762 + 16S ribosomal RNA	C04M3_hifiasm_r63_semibin2_16
[barrnap] Found: 16S_rRNA s200.ctg000318l L=1534/1585 2329708..2331241 + 16S ribosomal RNA	C04M3_hifiasm_r63_semibin2_17
[barrnap] Found: 16S_rRNA s200.ctg000318l L=1534/1585 80192..81725 - 16S ribosomal RNA	C04M3_hifiasm_r63_semibin2_17
[barrnap] Found: 16S_rRNA s200.ctg000318l L=1534/1585 1127652..1129185 - 16S ribosomal RNA	C04M3_hifiasm_r63_semibin2_17
[barrnap] Found: 16S_rRNA s200.ctg000318l L=1534/1585 2533010..2534543 + 16S ribosomal RNA	C04M3_hifiasm_r63_semibin2_17
[barrnap] Found: 16S_rRNA s0.ctg000257l L=1536/1585 596719..598254 - 16S ribosomal RNA	C04M3_hifiasm_r63_semibin2_19
[barrnap] Found: 16S_rRNA s0.ctg001123l L=1536/1585 246529..248064 - 16S ribosomal RNA	C04M3_hifiasm_r63_semibin2_19
[barrnap] Found: 16S_rRNA s0.ctg001397l L=1536/1585 189744..191279 - 16S ribosomal RNA	C04M3_hifiasm_r63_semibin2_19
[barrnap] Found: 16S_rRNA s203.ctg000323l L=1537/1585 314045..315581 + 16S ribosomal RNA	C04M3_hifiasm_r63_semibin2_19
[barrnap] Found: 16S_rRNA s0.ctg000006l L=1531/1585 1862580..1864110 - 16S ribosomal RNA	C04M3_hifiasm_r63_semibin2_20
[barrnap] Found: 16S_rRNA s0.ctg000006l L=1531/1585 989824..991354 - 16S ribosomal RNA	C04M3_hifiasm_r63_semibin2_20
[barrnap] Found: 16S_rRNA s0.ctg000623l L=1531/1585 94720..96250 - 16S ribosomal RNA	C04M3_hifiasm_r63_semibin2_20
[barrnap] Found: 16S_rRNA s0.ctg000006l L=1531/1585 1590802..1592332 - 16S ribosomal RNA	C04M3_hifiasm_r63_semibin2_20
[barrnap] Found: 16S_rRNA s0.ctg000061l L=1526/1585 892684..894209 - 16S ribosomal RNA	C04M3_hifiasm_r63_semibin2_21
[barrnap] Found: 16S_rRNA s24.ctg000049l L=1526/1585 944599..946124 - 16S ribosomal RNA	C04M3_hifiasm_r63_semibin2_21
[barrnap] Found: 16S_rRNA s0.ctg000061l L=1525/1585 1315372..1316896 - 16S ribosomal RNA	C04M3_hifiasm_r63_semibin2_21
[barrnap] Found: 16S_rRNA s0.ctg000061l L=1526/1585 570280..571805 - 16S ribosomal RNA	C04M3_hifiasm_r63_semibin2_21
[barrnap] Found: 16S_rRNA s9.ctg000094l L=1528/1585 335927..337454 + 16S ribosomal RNA	C04M3_hifiasm_r63_semibin2_22
[barrnap] Found: 16S_rRNA s9.ctg000129l L=1528/1585 177678..179205 + 16S ribosomal RNA	C04M3_hifiasm_r63_semibin2_22
[barrnap] Found: 16S_rRNA s9.ctg000016l L=1528/1585 462809..464336 + 16S ribosomal RNA	C04M3_hifiasm_r63_semibin2_22
[barrnap] Found: 16S_rRNA s9.ctg000016l L=1528/1585 317356..318883 - 16S ribosomal RNA	C04M3_hifiasm_r63_semibin2_22
[barrnap] Found: 16S_rRNA s168.ctg000277l L=1526/1585 194076..195601 + 16S ribosomal RNA	C04M3_hifiasm_r63_semibin2_25
[barrnap] Found: 16S_rRNA s176.ctg000286l L=1526/1585 246549..248074 - 16S ribosomal RNA	C04M3_hifiasm_r63_semibin2_25
[barrnap] Found: 16S_rRNA s176.ctg000286l L=1526/1585 463657..465182 + 16S ribosomal RNA	C04M3_hifiasm_r63_semibin2_25
[barrnap] Found: 16S_rRNA s115.ctg000201l L=1526/1585 497498..499023 + 16S ribosomal RNA	C04M3_hifiasm_r63_semibin2_25
[barrnap] Found: 16S_rRNA s0.ctg000268l L=1538/1585 39824..41361 - 16S ribosomal RNA	C04M3_hifiasm_r63_semibin2_26
[barrnap] Found: 16S_rRNA s0.ctg000268l L=1538/1585 725549..727086 + 16S ribosomal RNA	C04M3_hifiasm_r63_semibin2_26
[barrnap] Found: 16S_rRNA s0.ctg000001l L=1538/1585 724381..725918 + 16S ribosomal RNA	C04M3_hifiasm_r63_semibin2_26
[barrnap] Found: 16S_rRNA s0.ctg000074l L=1538/1585 148530..150067 - 16S ribosomal RNA	C04M3_hifiasm_r63_semibin2_26
[barrnap] Found: 16S_rRNA s9.ctg000255l L=1534/1585 545005..546538 - 16S ribosomal RNA	C04M3_hifiasm_r63_semibin2_27
[barrnap] Found: 16S_rRNA s9.ctg000077l L=1534/1585 106163..107696 - 16S ribosomal RNA	C04M3_hifiasm_r63_semibin2_27
[barrnap] Found: 16S_rRNA s9.ctg000077l L=1517/1585 1557997..1559513 - 16S ribosomal RNA	C04M3_hifiasm_r63_semibin2_27
[barrnap] Found: 16S_rRNA s9.ctg000118l L=1552/1585 1126278..1127829 + 16S ribosomal RNA	C04M3_hifiasm_r63_semibin2_27
[barrnap] Found: 16S_rRNA s9.ctg000076l L=1535/1585 951965..953499 + 16S ribosomal RNA	C04M3_hifiasm_r63_semibin2_27
[barrnap] Found: 16S_rRNA s9.ctg000079l L=1528/1585 3492..5019 - 16S ribosomal RNA	C04M3_hifiasm_r63_semibin2_28
[barrnap] Found: 16S_rRNA s9.ctg000208l L=1529/1585 512654..514182 + 16S ribosomal RNA	C04M3_hifiasm_r63_semibin2_29
[barrnap] Found: 16S_rRNA s9.ctg000340l L=1529/1585 414317..415845 - 16S ribosomal RNA	C04M3_hifiasm_r63_semibin2_29
[barrnap] Found: 16S_rRNA s9.ctg000340l L=1529/1585 112476..114004 - 16S ribosomal RNA	C04M3_hifiasm_r63_semibin2_29
[barrnap] Found: 16S_rRNA s0.ctg000245l L=1537/1585 440882..442418 - 16S ribosomal RNA	C04M3_hifiasm_r63_semibin2_30
[barrnap] Found: 16S_rRNA s0.ctg000429l L=1537/1585 151206..152742 - 16S ribosomal RNA	C04M3_hifiasm_r63_semibin2_30
[barrnap] Found: 16S_rRNA s0.ctg000226l L=1536/1585 403390..404925 - 16S ribosomal RNA	C04M3_hifiasm_r63_semibin2_30
[barrnap] Found: 16S_rRNA s532.ctg000709l L=1507/1585 66590..68096 - 16S ribosomal RNA	C04M3_hifiasm_r63_semibin2_31
[barrnap] Found: 16S_rRNA s0.ctg000173l L=1524/1585 658344..659867 + 16S ribosomal RNA	C04M3_hifiasm_r63_semibin2_3
[barrnap] Found: 16S_rRNA s0.ctg000502l L=1524/1585 505040..506563 + 16S ribosomal RNA	C04M3_hifiasm_r63_semibin2_3
[barrnap] Found: 16S_rRNA s0.ctg000502l L=1524/1585 143234..144757 - 16S ribosomal RNA	C04M3_hifiasm_r63_semibin2_3
[barrnap] Found: 16S_rRNA s0.ctg000054l L=1524/1585 374648..376171 - 16S ribosomal RNA	C04M3_hifiasm_r63_semibin2_3
[barrnap] Found: 16S_rRNA s9.ctg000590l L=1517/1585 387131..388647 - 16S ribosomal RNA	C04M3_hifiasm_r63_semibin2_33
[barrnap] Found: 16S_rRNA s64.ctg000137l L=1517/1585 1737791..1739307 - 16S ribosomal RNA	C04M3_hifiasm_r63_semibin2_33
[barrnap] Found: 16S_rRNA s9.ctg000590l L=1517/1585 509928..511444 - 16S ribosomal RNA	C04M3_hifiasm_r63_semibin2_33
[barrnap] Found: 16S_rRNA s64.ctg000137l L=1517/1585 2075534..2077050 - 16S ribosomal RNA	C04M3_hifiasm_r63_semibin2_33
[barrnap] Found: 16S_rRNA s64.ctg000137l L=1535/1585 562190..563724 + 16S ribosomal RNA	C04M3_hifiasm_r63_semibin2_33
[barrnap] Found: 16S_rRNA s261.ctg000398c L=1528/1585 81068..82595 - 16S ribosomal RNA	C04M3_hifiasm_r63_semibin2_34
[barrnap] Found: 16S_rRNA s27.ctg000055l L=1528/1585 845940..847467 + 16S ribosomal RNA	C04M3_hifiasm_r63_semibin2_34
[barrnap] Found: 16S_rRNA s27.ctg000055l L=1528/1585 791325..792852 + 16S ribosomal RNA	C04M3_hifiasm_r63_semibin2_34
[barrnap] Found: 16S_rRNA s27.ctg000055l L=1528/1585 100661..102188 - 16S ribosomal RNA	C04M3_hifiasm_r63_semibin2_34
[barrnap] Found: 16S_rRNA s1076.ctg001300l L=1529/1585 67352..68880 + 16S ribosomal RNA	C04M3_hifiasm_r63_semibin2_37
[barrnap] Found: 16S_rRNA s511.ctg000685l L=1529/1585 520027..521555 - 16S ribosomal RNA	C04M3_hifiasm_r63_semibin2_37
[barrnap] Found: 16S_rRNA s511.ctg000685l L=1529/1585 391745..393273 - 16S ribosomal RNA	C04M3_hifiasm_r63_semibin2_37
[barrnap] Found: 16S_rRNA s2117.ctg002404l L=1533/1585 52568..54100 + 16S ribosomal RNA	C04M3_hifiasm_r63_semibin2_37
[barrnap] Found: 16S_rRNA s34.ctg000071l L=1511/1585 298846..300356 + 16S ribosomal RNA	C04M3_hifiasm_r63_semibin2_39
[barrnap] Found: 16S_rRNA s388.ctg000546l L=1523/1585 338706..340228 + 16S ribosomal RNA	C04M3_hifiasm_r63_semibin2_40
[barrnap] Found: 16S_rRNA s357.ctg000508l L=1523/1585 112156..113678 + 16S ribosomal RNA	C04M3_hifiasm_r63_semibin2_40
[barrnap] Found: 16S_rRNA s3489.ctg003860l L=467/1585 1..467 + 16S ribosomal RNA (partial)	C04M3_hifiasm_r63_semibin2_40
[barrnap] Found: 16S_rRNA s240.ctg000374l L=1518/1585 172673..174190 + 16S ribosomal RNA	C04M3_hifiasm_r63_semibin2_41
[barrnap] Found: 16S_rRNA s9.ctg000046l L=1518/1585 751489..753006 - 16S ribosomal RNA	C04M3_hifiasm_r63_semibin2_42
[barrnap] Found: 16S_rRNA s9.ctg000039l L=1532/1585 526808..528339 + 16S ribosomal RNA	C04M3_hifiasm_r63_semibin2_42
[barrnap] Found: 16S_rRNA s9.ctg000046l L=1518/1585 394055..395572 - 16S ribosomal RNA	C04M3_hifiasm_r63_semibin2_42
[barrnap] Found: 16S_rRNA NODE_1733_length_34906_cov_4.781481 L=1508/1585 33355..34862 + 16S ribosomal RNA	C04M3_subsampled_20Gb_bin.11
[barrnap] Found: 16S_rRNA NODE_87_length_182845_cov_19.758118 L=417/1585 182429..182845 + 16S ribosomal RNA (partial)	C04M3_subsampled_20Gb_bin.23
[barrnap] Found: 16S_rRNA NODE_12217_length_5070_cov_13.556427 L=1537/1585 69..1605 + 16S ribosomal RNA	C04M3_subsampled_20Gb_bin.37
[barrnap] Found: 16S_rRNA NODE_785_length_64854_cov_38.980681 L=480/1585 2..481 - 16S ribosomal RNA (partial)	C04M3_subsampled_20Gb_bin.42
[barrnap] Found: 16S_rRNA NODE_13465_length_4634_cov_3.022051 L=945/1585 3690..4634 + 16S ribosomal RNA (partial)	C04M3_subsampled_20Gb_bin.45
[barrnap] Found: 16S_rRNA NODE_161_length_148511_cov_21.638176 L=954/1585 1..954 - 16S ribosomal RNA (partial)	C04M3_subsampled_20Gb_bin.50
[barrnap] Found: 16S_rRNA NODE_7_length_455920_cov_71.413423 L=1493/1585 453755..455247 + 16S ribosomal RNA	C04M3_subsampled_20Gb_bin.51
[barrnap] Found: 16S_rRNA NODE_38694_length_1772_cov_181.001793 L=1512/1585 36..1547 + 16S ribosomal RNA	C04M3_subsampled_20Gb_bin.61
[barrnap] Found: 16S_rRNA NODE_10651_length_5756_cov_181.071416 L=1509/1585 3808..5316 - 16S ribosomal RNA	C04M3_subsampled_20Gb_bin.75
[barrnap] Found: 16S_rRNA NODE_44799_length_1551_cov_1.666667 L=473/1585 1079..1551 + 16S ribosomal RNA (partial)	C04M3_subsampled_20Gb_bin.9
[barrnap] Found: 16S_rRNA NODE_8046_length_9832_cov_12.467276 L=1521/1585 5609..7129 + 16S ribosomal RNA	C04M3_subsampled_20Gb_Hybrid_bin.10
[barrnap] Found: 16S_rRNA NODE_325_length_162804_cov_2.908767 L=1513/1585 159228..160740 + 16S ribosomal RNA	C04M3_subsampled_20Gb_Hybrid_bin.11
[barrnap] Found: 16S_rRNA NODE_8_length_1323108_cov_61.917140 L=1439/1585 565521..566959 + 16S ribosomal RNA	C04M3_subsampled_20Gb_Hybrid_bin.12
[barrnap] Found: 16S_rRNA NODE_117_length_341001_cov_30.550217 L=1497/1585 141517..143013 - 16S ribosomal RNA	C04M3_subsampled_20Gb_Hybrid_bin.16
[barrnap] Found: 16S_rRNA NODE_138_length_301282_cov_62.941806 L=1536/1585 554..2089 - 16S ribosomal RNA	C04M3_subsampled_20Gb_Hybrid_bin.17
[barrnap] Found: 16S_rRNA NODE_640_length_93790_cov_105.777716 L=997/1585 11279..12275 - 16S ribosomal RNA (partial)	C04M3_subsampled_20Gb_Hybrid_bin.17
[barrnap] Found: 16S_rRNA NODE_478_length_123819_cov_24.085524 L=1532/1585 535..2066 - 16S ribosomal RNA	C04M3_subsampled_20Gb_Hybrid_bin.18
[barrnap] Found: 16S_rRNA NODE_60_length_469169_cov_24.771548 L=1532/1585 466667..468198 + 16S ribosomal RNA	C04M3_subsampled_20Gb_Hybrid_bin.18
[barrnap] Found: 16S_rRNA NODE_26985_length_2389_cov_143.644541 L=1555/1585 332..1886 + 16S ribosomal RNA	C04M3_subsampled_20Gb_Hybrid_bin.18
[barrnap] Found: 16S_rRNA NODE_935_length_67153_cov_1.166866 L=1530/1585 64629..66158 + 16S ribosomal RNA	C04M3_subsampled_20Gb_Hybrid_bin.19
[barrnap] Found: 16S_rRNA NODE_847_length_73885_cov_4.379801 L=1508/1585 38841..40348 + 16S ribosomal RNA	C04M3_subsampled_20Gb_Hybrid_bin.20
[barrnap] Found: 16S_rRNA NODE_141_length_293734_cov_30.980554 L=1529/1585 159945..161473 - 16S ribosomal RNA	C04M3_subsampled_20Gb_Hybrid_bin.23
[barrnap] Found: 16S_rRNA NODE_167_length_258351_cov_35.164959 L=1529/1585 61649..63177 + 16S ribosomal RNA	C04M3_subsampled_20Gb_Hybrid_bin.23
[barrnap] Found: 16S_rRNA NODE_188_length_235999_cov_38.170653 L=1529/1585 40158..41686 - 16S ribosomal RNA	C04M3_subsampled_20Gb_Hybrid_bin.23
[barrnap] Found: 16S_rRNA NODE_188_length_235999_cov_38.170653 L=1529/1585 200245..201773 - 16S ribosomal RNA	C04M3_subsampled_20Gb_Hybrid_bin.23
[barrnap] Found: 16S_rRNA NODE_575_length_104723_cov_29.324782 L=1529/1585 82070..83598 - 16S ribosomal RNA	C04M3_subsampled_20Gb_Hybrid_bin.23
[barrnap] Found: 16S_rRNA NODE_1728_length_39395_cov_6.338177 L=1525/1585 37061..38585 + 16S ribosomal RNA	C04M3_subsampled_20Gb_Hybrid_bin.24
[barrnap] Found: 16S_rRNA NODE_107_length_361937_cov_25.511168 L=1512/1585 343058..344569 - 16S ribosomal RNA	C04M3_subsampled_20Gb_Hybrid_bin.25
[barrnap] Found: 16S_rRNA NODE_309_length_173058_cov_39.733151 L=1512/1585 18329..19840 - 16S ribosomal RNA	C04M3_subsampled_20Gb_Hybrid_bin.25
[barrnap] Found: 16S_rRNA NODE_67_length_457963_cov_29.768084 L=1512/1585 271766..273277 - 16S ribosomal RNA	C04M3_subsampled_20Gb_Hybrid_bin.25
[barrnap] Found: 16S_rRNA NODE_355_length_154237_cov_1.976748 L=1521/1585 23757..25277 - 16S ribosomal RNA	C04M3_subsampled_20Gb_Hybrid_bin.29
[barrnap] Found: 16S_rRNA NODE_12_length_1042288_cov_74.267690 L=1528/1585 870752..872279 - 16S ribosomal RNA	C04M3_subsampled_20Gb_Hybrid_bin.3
[barrnap] Found: 16S_rRNA NODE_276_length_186320_cov_101.702015 L=1528/1585 145937..147464 + 16S ribosomal RNA	C04M3_subsampled_20Gb_Hybrid_bin.3
[barrnap] Found: 16S_rRNA NODE_276_length_186320_cov_101.702015 L=1528/1585 484..2011 - 16S ribosomal RNA	C04M3_subsampled_20Gb_Hybrid_bin.3
[barrnap] Found: 16S_rRNA NODE_65_length_462898_cov_119.791037 L=1528/1585 228370..229897 + 16S ribosomal RNA	C04M3_subsampled_20Gb_Hybrid_bin.3
[barrnap] Found: 16S_rRNA NODE_13_length_981097_cov_63.204964 L=988/1585 223078..224065 + 16S ribosomal RNA (partial)	C04M3_subsampled_20Gb_Hybrid_bin.32
[barrnap] Found: 16S_rRNA NODE_158_length_268199_cov_48.936192 L=1537/1585 208001..209537 - 16S ribosomal RNA	C04M3_subsampled_20Gb_Hybrid_bin.33
[barrnap] Found: 16S_rRNA NODE_15_length_935082_cov_31.958813 L=1537/1585 689867..691403 + 16S ribosomal RNA	C04M3_subsampled_20Gb_Hybrid_bin.33
[barrnap] Found: 16S_rRNA NODE_15_length_935082_cov_31.958813 L=1537/1585 140794..142330 - 16S ribosomal RNA	C04M3_subsampled_20Gb_Hybrid_bin.33
[barrnap] Found: 16S_rRNA NODE_81_length_423285_cov_28.478683 L=1537/1585 86503..88039 - 16S ribosomal RNA	C04M3_subsampled_20Gb_Hybrid_bin.33
[barrnap] Found: 16S_rRNA NODE_7_length_1345439_cov_24.524856 L=1531/1585 1197804..1199334 - 16S ribosomal RNA	C04M3_subsampled_20Gb_Hybrid_bin.34
[barrnap] Found: 16S_rRNA NODE_102_length_372736_cov_29.145995 L=1531/1585 81622..83152 - 16S ribosomal RNA	C04M3_subsampled_20Gb_Hybrid_bin.34
[barrnap] Found: 16S_rRNA NODE_7_length_1345439_cov_24.524856 L=1531/1585 325049..326579 - 16S ribosomal RNA	C04M3_subsampled_20Gb_Hybrid_bin.34
[barrnap] Found: 16S_rRNA NODE_7_length_1345439_cov_24.524856 L=1531/1585 926026..927556 - 16S ribosomal RNA	C04M3_subsampled_20Gb_Hybrid_bin.34
[barrnap] Found: 16S_rRNA NODE_11_length_1064311_cov_66.901021 L=1531/1585 858707..860237 - 16S ribosomal RNA	C04M3_subsampled_20Gb_Hybrid_bin.37
[barrnap] Found: 16S_rRNA NODE_63_length_464470_cov_77.213956 L=1531/1585 348525..350055 - 16S ribosomal RNA	C04M3_subsampled_20Gb_Hybrid_bin.37
[barrnap] Found: 16S_rRNA NODE_10243_length_7801_cov_1.651779 L=1532/1585 5687..7218 + 16S ribosomal RNA	C04M3_subsampled_20Gb_Hybrid_bin.39
[barrnap] Found: 16S_rRNA NODE_1817_length_37461_cov_3.623093 L=1527/1585 35129..36655 + 16S ribosomal RNA	C04M3_subsampled_20Gb_Hybrid_bin.40
[barrnap] Found: 16S_rRNA NODE_16016_length_4881_cov_0.652865 L=1526/1585 2787..4312 + 16S ribosomal RNA	C04M3_subsampled_20Gb_Hybrid_bin.42
[barrnap] Found: 16S_rRNA NODE_150_length_277318_cov_8.981278 L=429/1585 274910..275338 + 16S ribosomal RNA (partial)	C04M3_subsampled_20Gb_Hybrid_bin.42
[barrnap] Found: 16S_rRNA NODE_2_length_2248143_cov_61.093040 L=1509/1585 1026063..1027571 + 16S ribosomal RNA	C04M3_subsampled_20Gb_Hybrid_bin.43
[barrnap] Found: 16S_rRNA NODE_2_length_2248143_cov_61.093040 L=1509/1585 1527889..1529397 + 16S ribosomal RNA	C04M3_subsampled_20Gb_Hybrid_bin.43
[barrnap] Found: 16S_rRNA NODE_2_length_2248143_cov_61.093040 L=1509/1585 318002..319510 - 16S ribosomal RNA	C04M3_subsampled_20Gb_Hybrid_bin.43
[barrnap] Found: 16S_rRNA NODE_37_length_590309_cov_56.398804 L=1536/1585 382695..384230 - 16S ribosomal RNA	C04M3_subsampled_20Gb_Hybrid_bin.44
[barrnap] Found: 16S_rRNA NODE_74_length_436951_cov_55.625615 L=1536/1585 183664..185199 - 16S ribosomal RNA	C04M3_subsampled_20Gb_Hybrid_bin.44
[barrnap] Found: 16S_rRNA NODE_109_length_355598_cov_64.261472 L=1518/1585 48..1565 - 16S ribosomal RNA	C04M3_subsampled_20Gb_Hybrid_bin.44
[barrnap] Found: 16S_rRNA NODE_36_length_598274_cov_69.136102 L=1518/1585 168993..170510 - 16S ribosomal RNA	C04M3_subsampled_20Gb_Hybrid_bin.44
[barrnap] Found: 16S_rRNA NODE_36_length_598274_cov_69.136102 L=1518/1585 449242..450759 - 16S ribosomal RNA	C04M3_subsampled_20Gb_Hybrid_bin.44
[barrnap] Found: 16S_rRNA NODE_126_length_332116_cov_90.262101 L=1536/1585 67628..69163 + 16S ribosomal RNA	C04M3_subsampled_20Gb_Hybrid_bin.45
[barrnap] Found: 16S_rRNA NODE_127_length_331716_cov_74.230410 L=1536/1585 145993..147528 + 16S ribosomal RNA	C04M3_subsampled_20Gb_Hybrid_bin.45
[barrnap] Found: 16S_rRNA NODE_40_length_562777_cov_66.222472 L=1536/1585 348354..349889 + 16S ribosomal RNA	C04M3_subsampled_20Gb_Hybrid_bin.45
[barrnap] Found: 16S_rRNA NODE_1592_length_42147_cov_5.254043 L=1527/1585 578..2104 - 16S ribosomal RNA	C04M3_subsampled_20Gb_Hybrid_bin.46
[barrnap] Found: 16S_rRNA NODE_1254_length_51000_cov_10.231921 L=1532/1585 1386..2917 - 16S ribosomal RNA	C04M3_subsampled_20Gb_Hybrid_bin.47
[barrnap] Found: 16S_rRNA NODE_1813_length_37478_cov_12.722652 L=1532/1585 34887..36418 + 16S ribosomal RNA	C04M3_subsampled_20Gb_Hybrid_bin.47
[barrnap] Found: 16S_rRNA NODE_235_length_205864_cov_128.014288 L=1534/1585 607..2140 - 16S ribosomal RNA	C04M3_subsampled_20Gb_Hybrid_bin.48
[barrnap] Found: 16S_rRNA NODE_26_length_662293_cov_11.211254 L=1516/1585 248273..249788 - 16S ribosomal RNA	C04M3_subsampled_20Gb_Hybrid_bin.51
[barrnap] Found: 16S_rRNA NODE_689_length_88927_cov_12.110416 L=1516/1585 326..1841 - 16S ribosomal RNA	C04M3_subsampled_20Gb_Hybrid_bin.51
[barrnap] Found: 16S_rRNA NODE_26_length_662293_cov_11.211254 L=671/1585 573717..574387 - 16S ribosomal RNA (partial)	C04M3_subsampled_20Gb_Hybrid_bin.51
[barrnap] Found: 16S_rRNA NODE_26_length_662293_cov_11.211254 L=406/1585 574827..575232 - 16S ribosomal RNA (partial)	C04M3_subsampled_20Gb_Hybrid_bin.51
[barrnap] Found: 16S_rRNA NODE_128_length_325453_cov_16.081167 L=1523/1585 17895..19417 - 16S ribosomal RNA	C04M3_subsampled_20Gb_Hybrid_bin.5
[barrnap] Found: 16S_rRNA NODE_200_length_229550_cov_14.440822 L=1523/1585 163231..164753 + 16S ribosomal RNA	C04M3_subsampled_20Gb_Hybrid_bin.5
[barrnap] Found: 16S_rRNA NODE_24_length_681000_cov_10.780827 L=1523/1585 518338..519860 + 16S ribosomal RNA	C04M3_subsampled_20Gb_Hybrid_bin.5
[barrnap] Found: 16S_rRNA NODE_44_length_538618_cov_88.220065 L=1524/1585 293575..295098 + 16S ribosomal RNA	C04M3_subsampled_20Gb_Hybrid_bin.52
[barrnap] Found: 16S_rRNA NODE_4_length_1990502_cov_82.621737 L=1524/1585 651617..653140 + 16S ribosomal RNA	C04M3_subsampled_20Gb_Hybrid_bin.52
[barrnap] Found: 16S_rRNA NODE_4_length_1990502_cov_82.621737 L=1524/1585 1465404..1466927 + 16S ribosomal RNA	C04M3_subsampled_20Gb_Hybrid_bin.52
[barrnap] Found: 16S_rRNA NODE_4_length_1990502_cov_82.621737 L=1524/1585 289811..291334 - 16S ribosomal RNA	C04M3_subsampled_20Gb_Hybrid_bin.52
[barrnap] Found: 16S_rRNA NODE_1340_length_48751_cov_3.922922 L=1505/1585 2472..3976 - 16S ribosomal RNA	C04M3_subsampled_20Gb_Hybrid_bin.54
[barrnap] Found: 16S_rRNA NODE_15969_length_4896_cov_32.446112 L=1527/1585 1361..2887 - 16S ribosomal RNA	C04M3_subsampled_20Gb_Hybrid_bin.54
[barrnap] Found: 16S_rRNA NODE_4292_length_17239_cov_1.177830 L=1515/1585 1434..2948 - 16S ribosomal RNA	C04M3_subsampled_20Gb_Hybrid_bin.55
[barrnap] Found: 16S_rRNA NODE_3740_length_19349_cov_9.565403 L=930/1585 18420..19349 + 16S ribosomal RNA (partial)	C04M3_subsampled_20Gb_Hybrid_bin.57
[barrnap] Found: 16S_rRNA NODE_131_length_311701_cov_27.989137 L=1532/1585 220707..222238 + 16S ribosomal RNA	C04M3_subsampled_20Gb_Hybrid_bin.58
[barrnap] Found: 16S_rRNA NODE_104_length_368816_cov_28.753160 L=1533/1585 132086..133618 - 16S ribosomal RNA	C04M3_subsampled_20Gb_Hybrid_bin.58
[barrnap] Found: 16S_rRNA NODE_104_length_368816_cov_28.753160 L=1533/1585 232760..234292 - 16S ribosomal RNA	C04M3_subsampled_20Gb_Hybrid_bin.58
[barrnap] Found: 16S_rRNA NODE_273_length_187550_cov_23.667353 L=1533/1585 25574..27106 - 16S ribosomal RNA	C04M3_subsampled_20Gb_Hybrid_bin.58
[barrnap] Found: 16S_rRNA NODE_2657_length_26441_cov_1.426012 L=1511/1585 12375..13885 - 16S ribosomal RNA	C04M3_subsampled_20Gb_Hybrid_bin.59
[barrnap] Found: 16S_rRNA NODE_42_length_554308_cov_3.903369 L=1582/1585 550172..551753 + 16S ribosomal RNA	C04M3_subsampled_20Gb_Hybrid_bin.60
[barrnap] Found: 16S_rRNA NODE_4177_length_17687_cov_5.565101 L=1527/1585 2262..3788 - 16S ribosomal RNA	C04M3_subsampled_20Gb_Hybrid_bin.61
[barrnap] Found: 16S_rRNA NODE_336_length_158504_cov_24.632897 L=1533/1585 131780..133312 + 16S ribosomal RNA	C04M3_subsampled_20Gb_Hybrid_bin.64
[barrnap] Found: 16S_rRNA NODE_43_length_549950_cov_17.907149 L=1533/1585 179..1711 - 16S ribosomal RNA	C04M3_subsampled_20Gb_Hybrid_bin.64
[barrnap] Found: 16S_rRNA NODE_29_length_643169_cov_16.600006 L=417/1585 1..417 - 16S ribosomal RNA (partial)	C04M3_subsampled_20Gb_Hybrid_bin.64
[barrnap] Found: 16S_rRNA NODE_1163_length_55081_cov_2.912571 L=1537/1585 177..1713 - 16S ribosomal RNA	C04M3_subsampled_20Gb_Hybrid_bin.65
[barrnap] Found: 16S_rRNA NODE_599_length_100510_cov_3.241408 L=1537/1585 35518..37054 + 16S ribosomal RNA	C04M3_subsampled_20Gb_Hybrid_bin.65
[barrnap] Found: 16S_rRNA NODE_693_length_88032_cov_2.854912 L=1537/1585 86069..87605 + 16S ribosomal RNA	C04M3_subsampled_20Gb_Hybrid_bin.65
[barrnap] Found: 16S_rRNA NODE_197_length_230540_cov_269.040817 L=1529/1585 198832..200360 - 16S ribosomal RNA	C04M3_subsampled_20Gb_Hybrid_bin.66
[barrnap] Found: 16S_rRNA NODE_560_length_107840_cov_277.899073 L=1529/1585 67082..68610 + 16S ribosomal RNA	C04M3_subsampled_20Gb_Hybrid_bin.66
[barrnap] Found: 16S_rRNA NODE_90_length_393746_cov_230.687901 L=1529/1585 100148..101676 - 16S ribosomal RNA	C04M3_subsampled_20Gb_Hybrid_bin.66
[barrnap] Found: 16S_rRNA NODE_3186_length_22447_cov_1.981833 L=1506/1585 1308..2813 + 16S ribosomal RNA	C04M3_subsampled_20Gb_Hybrid_bin.69
[barrnap] Found: 16S_rRNA NODE_365_length_152373_cov_4.663771 L=1532/1585 149248..150779 + 16S ribosomal RNA	C04M3_subsampled_20Gb_Hybrid_bin.70
[barrnap] Found: 16S_rRNA NODE_19_length_751149_cov_11.159273 L=1528/1585 539678..541205 - 16S ribosomal RNA	C04M3_subsampled_20Gb_Hybrid_bin.72
[barrnap] Found: 16S_rRNA NODE_19_length_751149_cov_11.159273 L=1528/1585 747023..748550 + 16S ribosomal RNA	C04M3_subsampled_20Gb_Hybrid_bin.72
[barrnap] Found: 16S_rRNA NODE_541_length_110377_cov_9.473830 L=1528/1585 14773..16300 + 16S ribosomal RNA	C04M3_subsampled_20Gb_Hybrid_bin.72
[barrnap] Found: 16S_rRNA NODE_19_length_751149_cov_11.159273 L=1528/1585 296589..298116 - 16S ribosomal RNA	C04M3_subsampled_20Gb_Hybrid_bin.72
[barrnap] Found: 16S_rRNA NODE_115_length_343879_cov_44.564949 L=1538/1585 337624..339161 + 16S ribosomal RNA	C04M3_subsampled_20Gb_Hybrid_bin.74
[barrnap] Found: 16S_rRNA NODE_591_length_101604_cov_60.203754 L=1538/1585 28540..30077 - 16S ribosomal RNA	C04M3_subsampled_20Gb_Hybrid_bin.74
[barrnap] Found: 16S_rRNA NODE_71_length_448245_cov_48.412700 L=1538/1585 259991..261528 + 16S ribosomal RNA	C04M3_subsampled_20Gb_Hybrid_bin.74
[barrnap] Found: 16S_rRNA NODE_2199_length_31227_cov_21.850938 L=1529/1585 28191..29719 + 16S ribosomal RNA	C04M3_subsampled_20Gb_Hybrid_bin.75
[barrnap] Found: 16S_rRNA NODE_2400_length_29043_cov_18.361007 L=1529/1585 1692..3220 - 16S ribosomal RNA	C04M3_subsampled_20Gb_Hybrid_bin.75
[barrnap] Found: 16S_rRNA NODE_54_length_489182_cov_6.715566 L=1506/1585 47799..49304 - 16S ribosomal RNA	C04M3_subsampled_20Gb_Hybrid_bin.77
[barrnap] Found: 16S_rRNA NODE_91_length_390442_cov_6.073136 L=1506/1585 338536..340041 + 16S ribosomal RNA	C04M3_subsampled_20Gb_Hybrid_bin.77
[barrnap] Found: 16S_rRNA NODE_1965_length_34665_cov_7.097900 L=1529/1585 32699..34227 + 16S ribosomal RNA	C04M3_subsampled_20Gb_Hybrid_bin.80
[barrnap] Found: 16S_rRNA NODE_1232_length_52033_cov_14.501252 L=1525/1585 4191..5715 - 16S ribosomal RNA	C04M3_subsampled_20Gb_Hybrid_bin.81
[barrnap] Found: 16S_rRNA NODE_35_length_603105_cov_11.283370 L=1525/1585 108765..110289 - 16S ribosomal RNA	C04M3_subsampled_20Gb_Hybrid_bin.81
[barrnap] Found: 16S_rRNA NODE_35_length_603105_cov_11.283370 L=1525/1585 257805..259329 - 16S ribosomal RNA	C04M3_subsampled_20Gb_Hybrid_bin.81
[barrnap] Found: 16S_rRNA NODE_52_length_492708_cov_11.289911 L=1525/1585 134856..136380 + 16S ribosomal RNA	C04M3_subsampled_20Gb_Hybrid_bin.81
[barrnap] Found: 16S_rRNA NODE_155_length_272050_cov_266.125497 L=1526/1585 255374..256899 - 16S ribosomal RNA	C04M3_subsampled_20Gb_Hybrid_bin.82
[barrnap] Found: 16S_rRNA NODE_96_length_384960_cov_161.767002 L=1526/1585 306801..308326 + 16S ribosomal RNA	C04M3_subsampled_20Gb_Hybrid_bin.82
[barrnap] Found: 16S_rRNA NODE_204_length_227203_cov_121.063416 L=989/1585 212632..213620 + 16S ribosomal RNA (partial)	C04M3_subsampled_20Gb_Hybrid_bin.82
[barrnap] Found: 16S_rRNA NODE_176_length_252021_cov_60.701499 L=1521/1585 204861..206381 - 16S ribosomal RNA	C04M3_subsampled_20Gb_Hybrid_bin.84
[barrnap] Found: 16S_rRNA NODE_86_length_409597_cov_46.073068 L=963/1585 387227..388189 + 16S ribosomal RNA (partial)	C04M3_subsampled_20Gb_Hybrid_bin.84
[barrnap] Found: 16S_rRNA NODE_93_length_388831_cov_61.651721 L=963/1585 316073..317035 + 16S ribosomal RNA (partial)	C04M3_subsampled_20Gb_Hybrid_bin.84
[barrnap] Found: 16S_rRNA NODE_1_length_2270454_cov_13.037451 L=1524/1585 1582050..1583573 + 16S ribosomal RNA	C04M3_subsampled_20Gb_Hybrid_bin.87
[barrnap] Found: 16S_rRNA NODE_1_length_2270454_cov_13.037451 L=1524/1585 1663496..1665019 + 16S ribosomal RNA	C04M3_subsampled_20Gb_Hybrid_bin.87
[barrnap] Found: 16S_rRNA NODE_1_length_2270454_cov_13.037451 L=1524/1585 1872882..1874405 + 16S ribosomal RNA	C04M3_subsampled_20Gb_Hybrid_bin.87
[barrnap] Found: 16S_rRNA NODE_3_length_2004488_cov_55.782250 L=1525/1585 1729744..1731268 + 16S ribosomal RNA	C04M3_subsampled_20Gb_Hybrid_bin.88
[barrnap] Found: 16S_rRNA NODE_3_length_2004488_cov_55.782250 L=1525/1585 848125..849649 - 16S ribosomal RNA	C04M3_subsampled_20Gb_Hybrid_bin.88
[barrnap] Found: 16S_rRNA NODE_5_length_1727946_cov_64.211626 L=1493/1585 991373..992865 + 16S ribosomal RNA	C04M3_subsampled_20Gb_Hybrid_bin.89
[barrnap] Found: 16S_rRNA NODE_151_length_277230_cov_7.195929 L=1531/1585 13406..14936 - 16S ribosomal RNA	C04M3_subsampled_20Gb_Hybrid_bin.9
[barrnap] Found: 16S_rRNA NODE_48_length_514969_cov_5.778041 L=1531/1585 97907..99437 + 16S ribosomal RNA	C04M3_subsampled_20Gb_Hybrid_bin.9
[barrnap] Found: 16S_rRNA NODE_506_length_117559_cov_8.729159 L=1531/1585 41820..43350 - 16S ribosomal RNA	C04M3_subsampled_20Gb_Hybrid_bin.9
[barrnap] Found: 16S_rRNA NODE_739_length_83588_cov_6.892201 L=1531/1585 32800..34330 - 16S ribosomal RNA	C04M3_subsampled_20Gb_Hybrid_bin.9
[barrnap] Found: 16S_rRNA NODE_2713_length_34235_cov_10.482658 L=404/1585 2..405 - 16S ribosomal RNA (partial)	C04M3_subsampled_40Gb_bin.11
[barrnap] Found: 16S_rRNA NODE_13350_length_5756_cov_363.780626 L=1509/1585 3808..5316 - 16S ribosomal RNA	C04M3_subsampled_40Gb_bin.14
[barrnap] Found: 16S_rRNA NODE_237_length_142030_cov_38.782740 L=417/1585 141614..142030 + 16S ribosomal RNA (partial)	C04M3_subsampled_40Gb_bin.21
[barrnap] Found: 16S_rRNA NODE_45594_length_1663_cov_26.285806 L=1537/1585 59..1595 - 16S ribosomal RNA	C04M3_subsampled_40Gb_bin.36
[barrnap] Found: 16S_rRNA NODE_8315_length_10068_cov_6.191193 L=1506/1585 5025..6530 + 16S ribosomal RNA	C04M3_subsampled_40Gb_bin.5
[barrnap] Found: 16S_rRNA NODE_5732_length_15770_cov_3.159530 L=924/1585 2..925 - 16S ribosomal RNA (partial)	C04M3_subsampled_40Gb_bin.66
[barrnap] Found: 16S_rRNA NODE_7_length_453853_cov_141.974980 L=1493/1585 451688..453180 + 16S ribosomal RNA	C04M3_subsampled_40Gb_bin.67
[barrnap] Found: 16S_rRNA NODE_7036_length_12386_cov_4.330024 L=831/1585 6..836 - 16S ribosomal RNA (partial)	C04M3_subsampled_40Gb_bin.68
[barrnap] Found: 16S_rRNA NODE_10048_length_7996_cov_2.595036 L=415/1585 1..415 - 16S ribosomal RNA (partial)	C04M3_subsampled_40Gb_bin.71
[barrnap] Found: 16S_rRNA NODE_1464_length_55925_cov_47.808888 L=464/1585 3..466 - 16S ribosomal RNA (partial)	C04M3_subsampled_40Gb_bin.8
[barrnap] Found: 16S_rRNA NODE_5780_length_15639_cov_3.284556 L=420/1585 15219..15638 + 16S ribosomal RNA (partial)	C04M3_subsampled_40Gb_bin.9
[barrnap] Found: 16S_rRNA NODE_8107_length_10385_cov_7.066790 L=464/1585 3..466 - 16S ribosomal RNA (partial)	C04M3_subsampled_40Gb_bin.93
[barrnap] Found: 16S_rRNA NODE_6380_length_13928_cov_5.377106 L=804/1585 3..806 - 16S ribosomal RNA (partial)	C04M3_subsampled_40Gb_bin.95
[barrnap] Found: 16S_rRNA s13.ctg000031l L=1508/1585 652799..654306 - 16S ribosomal RNA	C13F5_hifiasm_r63_complete.20
[barrnap] Found: 16S_rRNA s13.ctg000031l L=1508/1585 617630..619137 - 16S ribosomal RNA	C13F5_hifiasm_r63_complete.20
[barrnap] Found: 16S_rRNA s2.ctg000003l L=1493/1585 1364922..1366414 + 16S ribosomal RNA	C13F5_hifiasm_r63_complete.2
[barrnap] Found: 16S_rRNA s14.ctg000035l L=1511/1585 341436..342946 - 16S ribosomal RNA	C13F5_hifiasm_r63_complete.24
[barrnap] Found: 16S_rRNA s1.ctg000005l L=1534/1585 2637849..2639382 - 16S ribosomal RNA	C13F5_hifiasm_r63_complete.3
[barrnap] Found: 16S_rRNA s1.ctg000005l L=1534/1585 646809..648342 + 16S ribosomal RNA	C13F5_hifiasm_r63_complete.3
[barrnap] Found: 16S_rRNA s1.ctg000005l L=1534/1585 1134622..1136155 + 16S ribosomal RNA	C13F5_hifiasm_r63_complete.3
[barrnap] Found: 16S_rRNA s1.ctg000005l L=1534/1585 1508386..1509919 + 16S ribosomal RNA	C13F5_hifiasm_r63_complete.3
[barrnap] Found: 16S_rRNA s24.ctg000053c L=1509/1585 253208..254716 + 16S ribosomal RNA	C13F5_hifiasm_r63_complete.36
[barrnap] Found: 16S_rRNA s24.ctg000053c L=1509/1585 755035..756543 + 16S ribosomal RNA	C13F5_hifiasm_r63_complete.36
[barrnap] Found: 16S_rRNA s24.ctg000053c L=1509/1585 2350003..2351511 - 16S ribosomal RNA	C13F5_hifiasm_r63_complete.36
[barrnap] Found: 16S_rRNA s1.ctg000054l L=1532/1585 330718..332249 - 16S ribosomal RNA	C13F5_hifiasm_r63_complete.37
[barrnap] Found: 16S_rRNA s1.ctg000054l L=1532/1585 1389204..1390735 + 16S ribosomal RNA	C13F5_hifiasm_r63_complete.37
[barrnap] Found: 16S_rRNA s1.ctg000054l L=1532/1585 2484746..2486277 - 16S ribosomal RNA	C13F5_hifiasm_r63_complete.37
[barrnap] Found: 16S_rRNA s1.ctg000054l L=1532/1585 2416916..2418447 - 16S ribosomal RNA	C13F5_hifiasm_r63_complete.37
[barrnap] Found: 16S_rRNA s25.ctg000055c L=1513/1585 409084..410596 + 16S ribosomal RNA	C13F5_hifiasm_r63_complete.38
[barrnap] Found: 16S_rRNA s28.ctg000060c L=1493/1585 1420809..1422301 - 16S ribosomal RNA	C13F5_hifiasm_r63_complete.41
[barrnap] Found: 16S_rRNA s42.ctg000086c L=1497/1585 388530..390026 + 16S ribosomal RNA	C13F5_hifiasm_r63_complete.55
[barrnap] Found: 16S_rRNA s42.ctg000086c L=1497/1585 1473127..1474623 - 16S ribosomal RNA	C13F5_hifiasm_r63_complete.55
[barrnap] Found: 16S_rRNA s42.ctg000086c L=1497/1585 1886220..1887716 - 16S ribosomal RNA	C13F5_hifiasm_r63_complete.55
[barrnap] Found: 16S_rRNA s72.ctg000140c L=1525/1585 236001..237525 - 16S ribosomal RNA	C13F5_hifiasm_r63_complete.84
[barrnap] Found: 16S_rRNA s72.ctg000140c L=1525/1585 1117626..1119150 + 16S ribosomal RNA	C13F5_hifiasm_r63_complete.84
[barrnap] Found: 16S_rRNA s1.ctg000135l L=1531/1585 959587..961117 - 16S ribosomal RNA	C13F5_hifiasm_r63_metabat2.100
[barrnap] Found: 16S_rRNA s1.ctg000135l L=1531/1585 1686765..1688295 + 16S ribosomal RNA	C13F5_hifiasm_r63_metabat2.100
[barrnap] Found: 16S_rRNA s1.ctg000135l L=1531/1585 1181196..1182726 - 16S ribosomal RNA	C13F5_hifiasm_r63_metabat2.100
[barrnap] Found: 16S_rRNA s1.ctg000135l L=1531/1585 1258206..1259736 - 16S ribosomal RNA	C13F5_hifiasm_r63_metabat2.100
[barrnap] Found: 16S_rRNA s78.ctg000156l L=1529/1585 1623075..1624603 - 16S ribosomal RNA	C13F5_hifiasm_r63_metabat2.105
[barrnap] Found: 16S_rRNA s4.ctg000127l L=1529/1585 1412442..1413970 - 16S ribosomal RNA	C13F5_hifiasm_r63_metabat2.105
[barrnap] Found: 16S_rRNA s4.ctg000127l L=1529/1585 1284160..1285688 - 16S ribosomal RNA	C13F5_hifiasm_r63_metabat2.105
[barrnap] Found: 16S_rRNA s4.ctg000127l L=1529/1585 549402..550930 - 16S ribosomal RNA	C13F5_hifiasm_r63_metabat2.105
[barrnap] Found: 16S_rRNA s136.ctg000260l L=1506/1585 872023..873528 + 16S ribosomal RNA	C13F5_hifiasm_r63_metabat2.113
[barrnap] Found: 16S_rRNA s136.ctg000260l L=1506/1585 89748..91253 - 16S ribosomal RNA	C13F5_hifiasm_r63_metabat2.113
[barrnap] Found: 16S_rRNA s1756.ctg002255l L=1530/1585 20843..22372 + 16S ribosomal RNA	C13F5_hifiasm_r63_metabat2.116
[barrnap] Found: 16S_rRNA s293.ctg000466l L=1530/1585 43413..44942 + 16S ribosomal RNA	C13F5_hifiasm_r63_metabat2.120
[barrnap] Found: 16S_rRNA s366.ctg000570l L=1530/1585 75190..76719 - 16S ribosomal RNA	C13F5_hifiasm_r63_metabat2.120
[barrnap] Found: 16S_rRNA s366.ctg000570l L=1530/1585 184886..186415 - 16S ribosomal RNA	C13F5_hifiasm_r63_metabat2.120
[barrnap] Found: 16S_rRNA s4.ctg000470l L=1529/1585 504589..506117 - 16S ribosomal RNA	C13F5_hifiasm_r63_metabat2.125
[barrnap] Found: 16S_rRNA s18.ctg000044l L=1529/1585 32988..34516 + 16S ribosomal RNA	C13F5_hifiasm_r63_metabat2.125
[barrnap] Found: 16S_rRNA s4.ctg000470l L=1529/1585 713477..715005 + 16S ribosomal RNA	C13F5_hifiasm_r63_metabat2.125
[barrnap] Found: 16S_rRNA s4.ctg000470l L=1529/1585 260369..261897 - 16S ribosomal RNA	C13F5_hifiasm_r63_metabat2.125
[barrnap] Found: 16S_rRNA s18.ctg000044l L=1529/1585 309114..310642 + 16S ribosomal RNA	C13F5_hifiasm_r63_metabat2.125
[barrnap] Found: 16S_rRNA s4.ctg000107l L=1529/1585 923639..925167 + 16S ribosomal RNA	C13F5_hifiasm_r63_metabat2.126
[barrnap] Found: 16S_rRNA s4.ctg000148l L=1529/1585 132683..134211 + 16S ribosomal RNA	C13F5_hifiasm_r63_metabat2.126
[barrnap] Found: 16S_rRNA s4.ctg000107l L=1529/1585 1223861..1225389 + 16S ribosomal RNA	C13F5_hifiasm_r63_metabat2.126
[barrnap] Found: 16S_rRNA s22.ctg000050l L=1533/1585 2224445..2225977 + 16S ribosomal RNA	C13F5_hifiasm_r63_metabat2.128
[barrnap] Found: 16S_rRNA s22.ctg000050l L=1533/1585 119997..121529 - 16S ribosomal RNA	C13F5_hifiasm_r63_metabat2.128
[barrnap] Found: 16S_rRNA s22.ctg000050l L=1533/1585 1962183..1963715 + 16S ribosomal RNA	C13F5_hifiasm_r63_metabat2.128
[barrnap] Found: 16S_rRNA s22.ctg000050l L=1451/1585 2739469..2740919 + 16S ribosomal RNA	C13F5_hifiasm_r63_metabat2.128
[barrnap] Found: 16S_rRNA s4.ctg000051l L=1527/1585 2769398..2770924 + 16S ribosomal RNA	C13F5_hifiasm_r63_metabat2.129
[barrnap] Found: 16S_rRNA s4.ctg000051l L=1527/1585 3002097..3003623 + 16S ribosomal RNA	C13F5_hifiasm_r63_metabat2.129
[barrnap] Found: 16S_rRNA s4.ctg000051l L=1527/1585 2013105..2014631 - 16S ribosomal RNA	C13F5_hifiasm_r63_metabat2.129
[barrnap] Found: 16S_rRNA s4.ctg000051l L=1527/1585 2084904..2086430 - 16S ribosomal RNA	C13F5_hifiasm_r63_metabat2.129
[barrnap] Found: 16S_rRNA s2.ctg000082l L=1493/1585 573101..574593 - 16S ribosomal RNA	C13F5_hifiasm_r63_metabat2.138
[barrnap] Found: 16S_rRNA s4.ctg000272l L=1532/1585 563060..564591 + 16S ribosomal RNA	C13F5_hifiasm_r63_metabat2.150
[barrnap] Found: 16S_rRNA s442.ctg000673l L=1532/1585 471856..473387 + 16S ribosomal RNA	C13F5_hifiasm_r63_metabat2.150
[barrnap] Found: 16S_rRNA s4.ctg000272l L=1532/1585 817388..818919 + 16S ribosomal RNA	C13F5_hifiasm_r63_metabat2.150
[barrnap] Found: 16S_rRNA s723.ctg001020l L=1532/1585 216980..218511 - 16S ribosomal RNA	C13F5_hifiasm_r63_metabat2.150
[barrnap] Found: 16S_rRNA s119.ctg000235l L=1511/1585 13443..14953 - 16S ribosomal RNA	C13F5_hifiasm_r63_metabat2.151
[barrnap] Found: 16S_rRNA s102.ctg000195l L=1528/1585 289093..290620 - 16S ribosomal RNA	C13F5_hifiasm_r63_metabat2.178
[barrnap] Found: 16S_rRNA s4.ctg000025l L=1528/1585 18149..19676 + 16S ribosomal RNA	C13F5_hifiasm_r63_metabat2.178
[barrnap] Found: 16S_rRNA s99.ctg000191l L=1531/1585 1312766..1314296 - 16S ribosomal RNA	C13F5_hifiasm_r63_metabat2.19
[barrnap] Found: 16S_rRNA s99.ctg000191l L=1531/1585 443401..444931 - 16S ribosomal RNA	C13F5_hifiasm_r63_metabat2.19
[barrnap] Found: 16S_rRNA s99.ctg000191l L=1531/1585 2057210..2058740 + 16S ribosomal RNA	C13F5_hifiasm_r63_metabat2.19
[barrnap] Found: 16S_rRNA s99.ctg000191l L=1531/1585 1041167..1042697 - 16S ribosomal RNA	C13F5_hifiasm_r63_metabat2.19
[barrnap] Found: 16S_rRNA s4.ctg000182l L=1528/1585 1147034..1148561 - 16S ribosomal RNA	C13F5_hifiasm_r63_metabat2.197
[barrnap] Found: 16S_rRNA s4.ctg000120l L=1528/1585 175519..177046 + 16S ribosomal RNA	C13F5_hifiasm_r63_metabat2.197
[barrnap] Found: 16S_rRNA s1.ctg000011l L=1528/1585 2862517..2864044 + 16S ribosomal RNA	C13F5_hifiasm_r63_metabat2.208
[barrnap] Found: 16S_rRNA s1.ctg000011l L=1528/1585 2196690..2198217 - 16S ribosomal RNA	C13F5_hifiasm_r63_metabat2.208
[barrnap] Found: 16S_rRNA s1.ctg000011l L=1528/1585 2134662..2136189 - 16S ribosomal RNA	C13F5_hifiasm_r63_metabat2.208
[barrnap] Found: 16S_rRNA s4.ctg000039l L=1528/1585 14308..15835 - 16S ribosomal RNA	C13F5_hifiasm_r63_metabat2.29
[barrnap] Found: 16S_rRNA s4.ctg000351l L=1530/1585 362285..363814 - 16S ribosomal RNA	C13F5_hifiasm_r63_metabat2.30
[barrnap] Found: 16S_rRNA s515.ctg000768c L=1530/1585 122143..123672 - 16S ribosomal RNA	C13F5_hifiasm_r63_metabat2.30
[barrnap] Found: 16S_rRNA s597.ctg000864l L=1533/1585 504036..505568 + 16S ribosomal RNA	C13F5_hifiasm_r63_metabat2.30
[barrnap] Found: 16S_rRNA s4.ctg000165l L=1538/1585 404558..406095 - 16S ribosomal RNA	C13F5_hifiasm_r63_metabat2.30
[barrnap] Found: 16S_rRNA s214.ctg000349l L=1526/1585 1615870..1617395 + 16S ribosomal RNA	C13F5_hifiasm_r63_metabat2.34
[barrnap] Found: 16S_rRNA s154.ctg000280l L=1526/1585 885294..886819 - 16S ribosomal RNA	C13F5_hifiasm_r63_metabat2.34
[barrnap] Found: 16S_rRNA s214.ctg000349l L=1526/1585 200609..202134 - 16S ribosomal RNA	C13F5_hifiasm_r63_metabat2.34
[barrnap] Found: 16S_rRNA s214.ctg000349l L=1526/1585 595819..597344 - 16S ribosomal RNA	C13F5_hifiasm_r63_metabat2.34
[barrnap] Found: 16S_rRNA s66.ctg000129c L=1529/1585 1481651..1483179 + 16S ribosomal RNA	C13F5_hifiasm_r63_metabat2.47
[barrnap] Found: 16S_rRNA s66.ctg000129c L=1529/1585 1525417..1526945 + 16S ribosomal RNA	C13F5_hifiasm_r63_metabat2.47
[barrnap] Found: 16S_rRNA s66.ctg000129c L=1529/1585 273735..275263 + 16S ribosomal RNA	C13F5_hifiasm_r63_metabat2.47
[barrnap] Found: 16S_rRNA s4.ctg000212l L=1536/1585 1861577..1863112 - 16S ribosomal RNA	C13F5_hifiasm_r63_metabat2.48
[barrnap] Found: 16S_rRNA s4.ctg000212l L=1536/1585 673853..675388 + 16S ribosomal RNA	C13F5_hifiasm_r63_metabat2.48
[barrnap] Found: 16S_rRNA s4.ctg000215l L=1518/1585 480491..482008 - 16S ribosomal RNA	C13F5_hifiasm_r63_metabat2.48
[barrnap] Found: 16S_rRNA s4.ctg000215l L=1518/1585 760740..762257 - 16S ribosomal RNA	C13F5_hifiasm_r63_metabat2.48
[barrnap] Found: 16S_rRNA s4.ctg000212l L=1518/1585 415464..416981 + 16S ribosomal RNA	C13F5_hifiasm_r63_metabat2.48
[barrnap] Found: 16S_rRNA s4.ctg000139l L=1528/1585 952998..954525 + 16S ribosomal RNA	C13F5_hifiasm_r63_metabat2.55
[barrnap] Found: 16S_rRNA s46.ctg000095l L=1528/1585 1122236..1123763 - 16S ribosomal RNA	C13F5_hifiasm_r63_metabat2.55
[barrnap] Found: 16S_rRNA s1.ctg000028l L=1529/1585 1036324..1037852 + 16S ribosomal RNA	C13F5_hifiasm_r63_metabat2.61
[barrnap] Found: 16S_rRNA s1.ctg000028l L=1529/1585 168202..169730 + 16S ribosomal RNA	C13F5_hifiasm_r63_metabat2.61
[barrnap] Found: 16S_rRNA s1.ctg000028l L=1529/1585 2554820..2556348 - 16S ribosomal RNA	C13F5_hifiasm_r63_metabat2.61
[barrnap] Found: 16S_rRNA s401.ctg000619l L=1537/1585 319130..320666 - 16S ribosomal RNA	C13F5_hifiasm_r63_metabat2.70
[barrnap] Found: 16S_rRNA s401.ctg000619l L=1537/1585 404784..406320 - 16S ribosomal RNA	C13F5_hifiasm_r63_metabat2.70
[barrnap] Found: 16S_rRNA s60.ctg000115l L=1537/1585 73666..75202 - 16S ribosomal RNA	C13F5_hifiasm_r63_metabat2.70
[barrnap] Found: 16S_rRNA s1649.ctg002132l L=1538/1585 89234..90771 - 16S ribosomal RNA	C13F5_hifiasm_r63_metabat2.70
[barrnap] Found: 16S_rRNA s4.ctg000059l L=1534/1585 149384..150917 + 16S ribosomal RNA	C13F5_hifiasm_r63_metabat2.77
[barrnap] Found: 16S_rRNA s4.ctg000214l L=1534/1585 94052..95585 - 16S ribosomal RNA	C13F5_hifiasm_r63_metabat2.77
[barrnap] Found: 16S_rRNA s4.ctg000214l L=1534/1585 1142361..1143894 - 16S ribosomal RNA	C13F5_hifiasm_r63_metabat2.77
[barrnap] Found: 16S_rRNA s4.ctg000059l L=1534/1585 352686..354219 + 16S ribosomal RNA	C13F5_hifiasm_r63_metabat2.77
[barrnap] Found: 16S_rRNA s219.ctg000358c L=1528/1585 492636..494163 + 16S ribosomal RNA	C13F5_hifiasm_r63_metabat2.81
[barrnap] Found: 16S_rRNA s4.ctg000225l L=1528/1585 13708..15235 - 16S ribosomal RNA	C13F5_hifiasm_r63_metabat2.81
[barrnap] Found: 16S_rRNA s4.ctg000155l L=1531/1585 993497..995027 + 16S ribosomal RNA	C13F5_hifiasm_r63_metabat2.90
[barrnap] Found: 16S_rRNA s4.ctg000008l L=1531/1585 327546..329076 + 16S ribosomal RNA	C13F5_hifiasm_r63_metabat2.90
[barrnap] Found: 16S_rRNA s4.ctg000155l L=1531/1585 950184..951714 + 16S ribosomal RNA	C13F5_hifiasm_r63_metabat2.90
[barrnap] Found: 16S_rRNA s4.ctg000194l L=1531/1585 302198..303728 + 16S ribosomal RNA	C13F5_hifiasm_r63_metabat2.90
[barrnap] Found: 16S_rRNA s40.ctg000083l L=1532/1585 361142..362673 + 16S ribosomal RNA	C13F5_hifiasm_r63_metabat2.91
[barrnap] Found: 16S_rRNA s4.ctg000117l L=1532/1585 223586..225117 + 16S ribosomal RNA	C13F5_hifiasm_r63_metabat2.91
[barrnap] Found: 16S_rRNA s4.ctg000117l L=1532/1585 475055..476586 + 16S ribosomal RNA	C13F5_hifiasm_r63_metabat2.91
[barrnap] Found: 16S_rRNA s4.ctg000124l L=1532/1585 401174..402705 - 16S ribosomal RNA	C13F5_hifiasm_r63_metabat2.91
[barrnap] Found: 16S_rRNA s4.ctg000092l L=1531/1585 235917..237447 - 16S ribosomal RNA	C13F5_hifiasm_r63_metabat2.92
[barrnap] Found: 16S_rRNA s4.ctg000123l L=1531/1585 3015816..3017346 + 16S ribosomal RNA	C13F5_hifiasm_r63_metabat2.92
[barrnap] Found: 16S_rRNA s4.ctg000196l L=1531/1585 67115..68645 + 16S ribosomal RNA	C13F5_hifiasm_r63_metabat2.92
[barrnap] Found: 16S_rRNA s4.ctg000123l L=1531/1585 2847721..2849251 + 16S ribosomal RNA	C13F5_hifiasm_r63_metabat2.92
[barrnap] Found: 16S_rRNA s4.ctg000250l L=1529/1585 65737..67265 + 16S ribosomal RNA	C13F5_hifiasm_r63_metabat2.96
[barrnap] Found: 16S_rRNA s4.ctg000538l L=1529/1585 478755..480283 + 16S ribosomal RNA	C13F5_hifiasm_r63_metabat2.96
[barrnap] Found: 16S_rRNA s4.ctg000847l L=1529/1585 550392..551920 - 16S ribosomal RNA	C13F5_hifiasm_r63_metabat2.96
[barrnap] Found: 16S_rRNA s4.ctg000021l L=1521/1585 1259513..1261033 - 16S ribosomal RNA	C13F5_hifiasm_r63_metabat2.98
[barrnap] Found: 16S_rRNA s4.ctg000153l L=1521/1585 5645..7165 + 16S ribosomal RNA	C13F5_hifiasm_r63_metabat2.98
[barrnap] Found: 16S_rRNA s4.ctg000401l L=1521/1585 480190..481710 - 16S ribosomal RNA	C13F5_hifiasm_r63_metabat2.98
[barrnap] Found: 16S_rRNA s4.ctg000021l L=1521/1585 1110045..1111565 - 16S ribosomal RNA	C13F5_hifiasm_r63_metabat2.98
[barrnap] Found: 16S_rRNA s4.ctg000153l L=1537/1585 313195..314731 + 16S ribosomal RNA	C13F5_hifiasm_r63_metabat2.98
[barrnap] Found: 16S_rRNA s1.ctg000072l L=1538/1585 516154..517691 - 16S ribosomal RNA	C13F5_hifiasm_r63_semibin2_10
[barrnap] Found: 16S_rRNA s1.ctg000072l L=1538/1585 1263123..1264660 - 16S ribosomal RNA	C13F5_hifiasm_r63_semibin2_10
[barrnap] Found: 16S_rRNA s1.ctg000072l L=1538/1585 1942754..1944291 + 16S ribosomal RNA	C13F5_hifiasm_r63_semibin2_10
[barrnap] Found: 16S_rRNA s1.ctg000102l L=1538/1585 85391..86928 - 16S ribosomal RNA	C13F5_hifiasm_r63_semibin2_10
[barrnap] Found: 16S_rRNA s4.ctg000010l L=1512/1585 1428948..1430459 + 16S ribosomal RNA	C13F5_hifiasm_r63_semibin2_11
[barrnap] Found: 16S_rRNA s4.ctg000137l L=1512/1585 270483..271994 + 16S ribosomal RNA	C13F5_hifiasm_r63_semibin2_11
[barrnap] Found: 16S_rRNA s4.ctg000610l L=1512/1585 1089185..1090696 + 16S ribosomal RNA	C13F5_hifiasm_r63_semibin2_11
[barrnap] Found: 16S_rRNA s4.ctg000610l L=1512/1585 281200..282711 - 16S ribosomal RNA	C13F5_hifiasm_r63_semibin2_11
[barrnap] Found: 16S_rRNA s4.ctg000610l L=1512/1585 818573..820084 - 16S ribosomal RNA	C13F5_hifiasm_r63_semibin2_11
[barrnap] Found: 16S_rRNA s1.ctg000242l L=1536/1585 307888..309423 + 16S ribosomal RNA	C13F5_hifiasm_r63_semibin2_13
[barrnap] Found: 16S_rRNA s1.ctg000650l L=1536/1585 293553..295088 + 16S ribosomal RNA	C13F5_hifiasm_r63_semibin2_13
[barrnap] Found: 16S_rRNA s1.ctg000112l L=1536/1585 521580..523115 + 16S ribosomal RNA	C13F5_hifiasm_r63_semibin2_13
[barrnap] Found: 16S_rRNA s1.ctg000242l L=1536/1585 586009..587544 + 16S ribosomal RNA	C13F5_hifiasm_r63_semibin2_13
[barrnap] Found: 16S_rRNA s202.ctg000335l L=1534/1585 1986..3519 - 16S ribosomal RNA	C13F5_hifiasm_r63_semibin2_19
[barrnap] Found: 16S_rRNA s202.ctg000335l L=1534/1585 473532..475065 - 16S ribosomal RNA	C13F5_hifiasm_r63_semibin2_19
[barrnap] Found: 16S_rRNA s30.ctg000063l L=1534/1585 296232..297765 - 16S ribosomal RNA	C13F5_hifiasm_r63_semibin2_19
[barrnap] Found: 16S_rRNA s30.ctg000063l L=1534/1585 653134..654667 - 16S ribosomal RNA	C13F5_hifiasm_r63_semibin2_19
[barrnap] Found: 16S_rRNA s49.ctg000099l L=1531/1585 36217..37747 - 16S ribosomal RNA	C13F5_hifiasm_r63_semibin2_22_sub
[barrnap] Found: 16S_rRNA s49.ctg000099l L=1531/1585 1808889..1810419 + 16S ribosomal RNA	C13F5_hifiasm_r63_semibin2_22_sub
[barrnap] Found: 16S_rRNA s4.ctg000033l L=1530/1585 1843742..1845271 - 16S ribosomal RNA	C13F5_hifiasm_r63_semibin2_22_sub
[barrnap] Found: 16S_rRNA s49.ctg000099l L=1531/1585 349884..351414 + 16S ribosomal RNA	C13F5_hifiasm_r63_semibin2_22_sub
[barrnap] Found: 16S_rRNA s7.ctg001009l L=1528/1585 128982..130509 - 16S ribosomal RNA	C13F5_hifiasm_r63_semibin2_25
[barrnap] Found: 16S_rRNA s7.ctg000356l L=1528/1585 323776..325303 - 16S ribosomal RNA	C13F5_hifiasm_r63_semibin2_25
[barrnap] Found: 16S_rRNA s139.ctg000263l L=1528/1585 173091..174618 - 16S ribosomal RNA	C13F5_hifiasm_r63_semibin2_25
[barrnap] Found: 16S_rRNA s69.ctg000133c L=1529/1585 1590758..1592286 + 16S ribosomal RNA	C13F5_hifiasm_r63_semibin2_26
[barrnap] Found: 16S_rRNA s69.ctg000133c L=1529/1585 728894..730422 - 16S ribosomal RNA	C13F5_hifiasm_r63_semibin2_26
[barrnap] Found: 16S_rRNA s229.ctg000375l L=1521/1585 430480..432000 - 16S ribosomal RNA	C13F5_hifiasm_r63_semibin2_29
[barrnap] Found: 16S_rRNA s229.ctg000375l L=1521/1585 198334..199854 - 16S ribosomal RNA	C13F5_hifiasm_r63_semibin2_29
[barrnap] Found: 16S_rRNA s478.ctg000719l L=1521/1585 315471..316991 + 16S ribosomal RNA	C13F5_hifiasm_r63_semibin2_29
[barrnap] Found: 16S_rRNA s478.ctg000719l L=1063/1585 2..1064 + 16S ribosomal RNA (partial)	C13F5_hifiasm_r63_semibin2_29
[barrnap] Found: 16S_rRNA s4.ctg000084l L=1528/1585 2427095..2428622 - 16S ribosomal RNA	C13F5_hifiasm_r63_semibin2_31
[barrnap] Found: 16S_rRNA s4.ctg000084l L=1528/1585 2240263..2241790 - 16S ribosomal RNA	C13F5_hifiasm_r63_semibin2_31
[barrnap] Found: 16S_rRNA s4.ctg000300l L=1529/1585 400414..401942 - 16S ribosomal RNA	C13F5_hifiasm_r63_semibin2_31
[barrnap] Found: 16S_rRNA s4.ctg000084l L=1528/1585 1759466..1760993 - 16S ribosomal RNA	C13F5_hifiasm_r63_semibin2_31
[barrnap] Found: 16S_rRNA s4.ctg000185l L=1535/1585 534310..535844 - 16S ribosomal RNA	C13F5_hifiasm_r63_semibin2_34
[barrnap] Found: 16S_rRNA s4.ctg000352l L=1535/1585 850557..852091 + 16S ribosomal RNA	C13F5_hifiasm_r63_semibin2_34
[barrnap] Found: 16S_rRNA s4.ctg000378l L=1535/1585 565432..566966 - 16S ribosomal RNA	C13F5_hifiasm_r63_semibin2_34
[barrnap] Found: 16S_rRNA s4.ctg000378l L=1535/1585 1101230..1102764 - 16S ribosomal RNA	C13F5_hifiasm_r63_semibin2_34
[barrnap] Found: 16S_rRNA s4.ctg000032l L=1529/1585 137564..139092 + 16S ribosomal RNA	C13F5_hifiasm_r63_semibin2_35
[barrnap] Found: 16S_rRNA s4.ctg000173l L=1529/1585 205348..206876 - 16S ribosomal RNA	C13F5_hifiasm_r63_semibin2_35
[barrnap] Found: 16S_rRNA s4.ctg000032l L=1529/1585 816207..817735 + 16S ribosomal RNA	C13F5_hifiasm_r63_semibin2_35
[barrnap] Found: 16S_rRNA s1.ctg000030l L=1531/1585 1350226..1351756 + 16S ribosomal RNA	C13F5_hifiasm_r63_semibin2_36
[barrnap] Found: 16S_rRNA s89.ctg000168c L=1531/1585 445861..447391 - 16S ribosomal RNA	C13F5_hifiasm_r63_semibin2_36
[barrnap] Found: 16S_rRNA s1.ctg000030l L=1531/1585 524606..526136 - 16S ribosomal RNA	C13F5_hifiasm_r63_semibin2_36
[barrnap] Found: 16S_rRNA s1.ctg000030l L=1531/1585 960606..962136 - 16S ribosomal RNA	C13F5_hifiasm_r63_semibin2_36
[barrnap] Found: 16S_rRNA s416.ctg000639l L=1517/1585 259885..261401 + 16S ribosomal RNA	C13F5_hifiasm_r63_semibin2_41
[barrnap] Found: 16S_rRNA s4.ctg000217l L=1557/1585 850125..851681 - 16S ribosomal RNA	C13F5_hifiasm_r63_semibin2_43
[barrnap] Found: 16S_rRNA s104.ctg000202l L=1557/1585 358322..359878 - 16S ribosomal RNA	C13F5_hifiasm_r63_semibin2_43
[barrnap] Found: 16S_rRNA s4.ctg000089l L=1557/1585 845567..847123 + 16S ribosomal RNA	C13F5_hifiasm_r63_semibin2_43
[barrnap] Found: 16S_rRNA s4.ctg000627l L=1557/1585 21619..23175 - 16S ribosomal RNA	C13F5_hifiasm_r63_semibin2_43
[barrnap] Found: 16S_rRNA s199.ctg000332l L=1546/1585 44753..46298 - 16S ribosomal RNA	C13F5_hifiasm_r63_semibin2_47
[barrnap] Found: 16S_rRNA s268.ctg000437l L=1546/1585 44915..46460 + 16S ribosomal RNA	C13F5_hifiasm_r63_semibin2_47
[barrnap] Found: 16S_rRNA s1349.ctg001781l L=1533/1585 30778..32310 + 16S ribosomal RNA	C13F5_hifiasm_r63_semibin2_47
[barrnap] Found: 16S_rRNA s153.ctg000279l L=1533/1585 182012..183544 + 16S ribosomal RNA	C13F5_hifiasm_r63_semibin2_47
[barrnap] Found: 16S_rRNA s195.ctg000328l L=1532/1585 271486..273017 + 16S ribosomal RNA	C13F5_hifiasm_r63_semibin2_52
[barrnap] Found: 16S_rRNA s4.ctg000232l L=1533/1585 60901..62433 - 16S ribosomal RNA	C13F5_hifiasm_r63_semibin2_52
[barrnap] Found: 16S_rRNA s195.ctg000328l L=1533/1585 1148210..1149742 + 16S ribosomal RNA	C13F5_hifiasm_r63_semibin2_52
[barrnap] Found: 16S_rRNA s1.ctg000076l L=1537/1585 472485..474021 - 16S ribosomal RNA	C13F5_hifiasm_r63_semibin2_6
[barrnap] Found: 16S_rRNA s1.ctg000076l L=1537/1585 716905..718441 - 16S ribosomal RNA	C13F5_hifiasm_r63_semibin2_6
[barrnap] Found: 16S_rRNA s1.ctg000151l L=1537/1585 344048..345584 + 16S ribosomal RNA	C13F5_hifiasm_r63_semibin2_6
[barrnap] Found: 16S_rRNA s1.ctg000076l L=1536/1585 1265979..1267514 + 16S ribosomal RNA	C13F5_hifiasm_r63_semibin2_6
[barrnap] Found: 16S_rRNA s4.ctg000019l L=1529/1585 3333975..3335503 + 16S ribosomal RNA	C13F5_hifiasm_r63_semibin2_62
[barrnap] Found: 16S_rRNA s4.ctg000019l L=1529/1585 2709039..2710567 - 16S ribosomal RNA	C13F5_hifiasm_r63_semibin2_62
[barrnap] Found: 16S_rRNA s444.ctg000677l L=1532/1585 242912..244443 + 16S ribosomal RNA	C13F5_hifiasm_r63_semibin2_68
[barrnap] Found: 16S_rRNA s259.ctg000428l L=1532/1585 214854..216385 - 16S ribosomal RNA	C13F5_hifiasm_r63_semibin2_68
[barrnap] Found: 16S_rRNA s259.ctg000428l L=1532/1585 82441..83972 - 16S ribosomal RNA	C13F5_hifiasm_r63_semibin2_68
[barrnap] Found: 16S_rRNA s1.ctg000009l L=1529/1585 1910698..1912226 + 16S ribosomal RNA	C13F5_hifiasm_r63_semibin2_7
[barrnap] Found: 16S_rRNA s21.ctg000049l L=1529/1585 475869..477397 + 16S ribosomal RNA	C13F5_hifiasm_r63_semibin2_7
[barrnap] Found: 16S_rRNA s21.ctg000049l L=1529/1585 125637..127165 + 16S ribosomal RNA	C13F5_hifiasm_r63_semibin2_7
[barrnap] Found: 16S_rRNA s21.ctg000049l L=1529/1585 684671..686199 + 16S ribosomal RNA	C13F5_hifiasm_r63_semibin2_7
[barrnap] Found: 16S_rRNA NODE_10788_length_5003_cov_12.321166 L=1521/1585 3438..4958 - 16S ribosomal RNA	C13F5_subsampled_20Gb_bin.22
[barrnap] Found: 16S_rRNA NODE_2256_length_23922_cov_3.702892 L=1511/1585 15153..16663 + 16S ribosomal RNA	C13F5_subsampled_20Gb_bin.32
[barrnap] Found: 16S_rRNA NODE_34645_length_1671_cov_131.188295 L=1532/1585 130..1661 + 16S ribosomal RNA	C13F5_subsampled_20Gb_bin.35
[barrnap] Found: 16S_rRNA NODE_88_length_176442_cov_24.370556 L=418/1585 1..418 - 16S ribosomal RNA (partial)	C13F5_subsampled_20Gb_bin.39
[barrnap] Found: 16S_rRNA NODE_4949_length_10867_cov_40.659640 L=958/1585 9910..10867 + 16S ribosomal RNA (partial)	C13F5_subsampled_20Gb_bin.47
[barrnap] Found: 16S_rRNA NODE_3061_length_17819_cov_7.401185 L=1508/1585 45..1552 - 16S ribosomal RNA	C13F5_subsampled_20Gb_bin.5
[barrnap] Found: 16S_rRNA NODE_370_length_90526_cov_4.079080 L=1511/1585 7884..9394 + 16S ribosomal RNA	C13F5_subsampled_20Gb_bin.54
[barrnap] Found: 16S_rRNA NODE_9324_length_5756_cov_153.291320 L=1509/1585 3808..5316 - 16S ribosomal RNA	C13F5_subsampled_20Gb_bin.68
[barrnap] Found: 16S_rRNA NODE_6_length_976690_cov_26.518956 L=418/1585 1..418 - 16S ribosomal RNA (partial)	C13F5_subsampled_20Gb_Hybrid_bin.1
[barrnap] Found: 16S_rRNA NODE_395_length_122821_cov_3.994981 L=1511/1585 81793..83303 - 16S ribosomal RNA	C13F5_subsampled_20Gb_Hybrid_bin.12
[barrnap] Found: 16S_rRNA NODE_1356_length_47022_cov_1.505147 L=1238/1585 2..1239 + 16S ribosomal RNA (partial)	C13F5_subsampled_20Gb_Hybrid_bin.13
[barrnap] Found: 16S_rRNA NODE_102_length_328816_cov_39.993100 L=1533/1585 207478..209010 + 16S ribosomal RNA	C13F5_subsampled_20Gb_Hybrid_bin.16
[barrnap] Found: 16S_rRNA NODE_260_length_166618_cov_64.176328 L=1533/1585 111198..112730 - 16S ribosomal RNA	C13F5_subsampled_20Gb_Hybrid_bin.16
[barrnap] Found: 16S_rRNA NODE_62_length_442419_cov_40.383596 L=1533/1585 93508..95040 - 16S ribosomal RNA	C13F5_subsampled_20Gb_Hybrid_bin.16
[barrnap] Found: 16S_rRNA NODE_62_length_442419_cov_40.383596 L=1533/1585 296809..298341 - 16S ribosomal RNA	C13F5_subsampled_20Gb_Hybrid_bin.16
[barrnap] Found: 16S_rRNA NODE_3_length_1420201_cov_42.269391 L=1493/1585 1341666..1343158 - 16S ribosomal RNA	C13F5_subsampled_20Gb_Hybrid_bin.17
[barrnap] Found: 16S_rRNA NODE_830_length_69408_cov_4.650060 L=1529/1585 66524..68052 + 16S ribosomal RNA	C13F5_subsampled_20Gb_Hybrid_bin.20
[barrnap] Found: 16S_rRNA NODE_1689_length_39460_cov_3.596758 L=561/1585 2..562 - 16S ribosomal RNA (partial)	C13F5_subsampled_20Gb_Hybrid_bin.20
[barrnap] Found: 16S_rRNA NODE_100_length_333504_cov_132.560121 L=1534/1585 51642..53175 + 16S ribosomal RNA	C13F5_subsampled_20Gb_Hybrid_bin.21
[barrnap] Found: 16S_rRNA NODE_121_length_294239_cov_95.117420 L=1534/1585 223712..225245 - 16S ribosomal RNA	C13F5_subsampled_20Gb_Hybrid_bin.21
[barrnap] Found: 16S_rRNA NODE_18_length_661271_cov_131.474566 L=1534/1585 190083..191616 - 16S ribosomal RNA	C13F5_subsampled_20Gb_Hybrid_bin.21
[barrnap] Found: 16S_rRNA NODE_19_length_656680_cov_122.088236 L=1534/1585 166698..168231 + 16S ribosomal RNA	C13F5_subsampled_20Gb_Hybrid_bin.21
[barrnap] Found: 16S_rRNA NODE_762_length_73861_cov_9.590955 L=1529/1585 26141..27669 + 16S ribosomal RNA	C13F5_subsampled_20Gb_Hybrid_bin.2
[barrnap] Found: 16S_rRNA NODE_140_length_263704_cov_17.287411 L=1520/1585 34510..36029 - 16S ribosomal RNA	C13F5_subsampled_20Gb_Hybrid_bin.23
[barrnap] Found: 16S_rRNA NODE_199_length_210158_cov_22.564408 L=1520/1585 81414..82933 - 16S ribosomal RNA	C13F5_subsampled_20Gb_Hybrid_bin.23
[barrnap] Found: 16S_rRNA NODE_270_length_161488_cov_18.509750 L=1520/1585 118873..120392 - 16S ribosomal RNA	C13F5_subsampled_20Gb_Hybrid_bin.23
[barrnap] Found: 16S_rRNA NODE_374_length_127299_cov_17.147256 L=1520/1585 5548..7067 - 16S ribosomal RNA	C13F5_subsampled_20Gb_Hybrid_bin.23
[barrnap] Found: 16S_rRNA NODE_7193_length_10338_cov_1.830159 L=1532/1585 7366..8897 - 16S ribosomal RNA	C13F5_subsampled_20Gb_Hybrid_bin.24
[barrnap] Found: 16S_rRNA NODE_138_length_265312_cov_29.732758 L=1063/1585 264247..265309 - 16S ribosomal RNA (partial)	C13F5_subsampled_20Gb_Hybrid_bin.25
[barrnap] Found: 16S_rRNA NODE_622_length_88629_cov_22.962510 L=426/1585 88204..88629 + 16S ribosomal RNA (partial)	C13F5_subsampled_20Gb_Hybrid_bin.25
[barrnap] Found: 16S_rRNA NODE_161_length_237337_cov_10.929897 L=780/1585 2..781 + 16S ribosomal RNA (partial)	C13F5_subsampled_20Gb_Hybrid_bin.28
[barrnap] Found: 16S_rRNA NODE_1217_length_51398_cov_6.453888 L=1508/1585 33624..35131 - 16S ribosomal RNA	C13F5_subsampled_20Gb_Hybrid_bin.3
[barrnap] Found: 16S_rRNA NODE_13_length_742760_cov_21.602175 L=1532/1585 202408..203939 + 16S ribosomal RNA	C13F5_subsampled_20Gb_Hybrid_bin.32
[barrnap] Found: 16S_rRNA NODE_296_length_153579_cov_46.268087 L=1532/1585 114416..115947 + 16S ribosomal RNA	C13F5_subsampled_20Gb_Hybrid_bin.32
[barrnap] Found: 16S_rRNA NODE_1657_length_40003_cov_11.070544 L=1535/1585 38188..39722 + 16S ribosomal RNA	C13F5_subsampled_20Gb_Hybrid_bin.33
[barrnap] Found: 16S_rRNA NODE_2371_length_29139_cov_11.797865 L=1535/1585 464..1998 - 16S ribosomal RNA	C13F5_subsampled_20Gb_Hybrid_bin.33
[barrnap] Found: 16S_rRNA NODE_505_length_103522_cov_7.292440 L=1535/1585 101565..103099 + 16S ribosomal RNA	C13F5_subsampled_20Gb_Hybrid_bin.33
[barrnap] Found: 16S_rRNA NODE_560_length_97319_cov_7.441134 L=1535/1585 95268..96802 + 16S ribosomal RNA	C13F5_subsampled_20Gb_Hybrid_bin.33
[barrnap] Found: 16S_rRNA NODE_1247_length_50253_cov_8.760059 L=1531/1585 39561..41091 + 16S ribosomal RNA	C13F5_subsampled_20Gb_Hybrid_bin.35
[barrnap] Found: 16S_rRNA NODE_13030_length_5252_cov_9.220260 L=1531/1585 548..2078 - 16S ribosomal RNA	C13F5_subsampled_20Gb_Hybrid_bin.35
[barrnap] Found: 16S_rRNA NODE_180_length_225711_cov_3.835558 L=1511/1585 74310..75820 + 16S ribosomal RNA	C13F5_subsampled_20Gb_Hybrid_bin.36
[barrnap] Found: 16S_rRNA NODE_1428_length_45144_cov_16.980109 L=1528/1585 42822..44349 + 16S ribosomal RNA	C13F5_subsampled_20Gb_Hybrid_bin.37
[barrnap] Found: 16S_rRNA NODE_1294_length_48712_cov_13.197046 L=1529/1585 25787..27315 + 16S ribosomal RNA	C13F5_subsampled_20Gb_Hybrid_bin.41
[barrnap] Found: 16S_rRNA NODE_166_length_235429_cov_281.003034 L=1526/1585 218683..220208 + 16S ribosomal RNA	C13F5_subsampled_20Gb_Hybrid_bin.4
[barrnap] Found: 16S_rRNA NODE_212_length_201141_cov_333.809920 L=1526/1585 188201..189726 - 16S ribosomal RNA	C13F5_subsampled_20Gb_Hybrid_bin.4
[barrnap] Found: 16S_rRNA NODE_25_length_601716_cov_409.664345 L=1526/1585 132569..134094 + 16S ribosomal RNA	C13F5_subsampled_20Gb_Hybrid_bin.4
[barrnap] Found: 16S_rRNA NODE_447_length_113436_cov_769.526554 L=1526/1585 99422..100947 + 16S ribosomal RNA	C13F5_subsampled_20Gb_Hybrid_bin.4
[barrnap] Found: 16S_rRNA NODE_1078_length_57185_cov_98.696475 L=1523/1585 40042..41564 - 16S ribosomal RNA	C13F5_subsampled_20Gb_Hybrid_bin.44
[barrnap] Found: 16S_rRNA NODE_4478_length_16309_cov_147.321283 L=1523/1585 245..1767 + 16S ribosomal RNA	C13F5_subsampled_20Gb_Hybrid_bin.44
[barrnap] Found: 16S_rRNA NODE_6101_length_12214_cov_176.039208 L=1523/1585 2263..3785 + 16S ribosomal RNA	C13F5_subsampled_20Gb_Hybrid_bin.44
[barrnap] Found: 16S_rRNA NODE_129_length_278002_cov_31.866140 L=1497/1585 139673..141169 + 16S ribosomal RNA	C13F5_subsampled_20Gb_Hybrid_bin.46
[barrnap] Found: 16S_rRNA NODE_47_length_482088_cov_32.900772 L=1497/1585 201507..203003 - 16S ribosomal RNA	C13F5_subsampled_20Gb_Hybrid_bin.46
[barrnap] Found: 16S_rRNA NODE_5_length_1099870_cov_24.593434 L=1497/1585 158705..160201 + 16S ribosomal RNA	C13F5_subsampled_20Gb_Hybrid_bin.46
[barrnap] Found: 16S_rRNA NODE_1116_length_54959_cov_29.942982 L=1529/1585 50921..52449 + 16S ribosomal RNA	C13F5_subsampled_20Gb_Hybrid_bin.49
[barrnap] Found: 16S_rRNA NODE_1382_length_46377_cov_9.479234 L=1529/1585 35363..36891 + 16S ribosomal RNA	C13F5_subsampled_20Gb_Hybrid_bin.50
[barrnap] Found: 16S_rRNA NODE_1393_length_45993_cov_8.270210 L=1529/1585 26495..28023 - 16S ribosomal RNA	C13F5_subsampled_20Gb_Hybrid_bin.50
[barrnap] Found: 16S_rRNA NODE_276_length_158776_cov_8.475185 L=1528/1585 51474..53001 + 16S ribosomal RNA	C13F5_subsampled_20Gb_Hybrid_bin.5
[barrnap] Found: 16S_rRNA NODE_485_length_106810_cov_11.953819 L=1528/1585 68646..70173 - 16S ribosomal RNA	C13F5_subsampled_20Gb_Hybrid_bin.5
[barrnap] Found: 16S_rRNA NODE_3604_length_19955_cov_10.180449 L=1529/1585 2133..3661 + 16S ribosomal RNA	C13F5_subsampled_20Gb_Hybrid_bin.52
[barrnap] Found: 16S_rRNA NODE_17_length_676137_cov_45.743084 L=594/1585 279127..279720 + 16S ribosomal RNA (partial)	C13F5_subsampled_20Gb_Hybrid_bin.57
[barrnap] Found: 16S_rRNA NODE_64_length_436571_cov_36.060045 L=594/1585 332788..333381 + 16S ribosomal RNA (partial)	C13F5_subsampled_20Gb_Hybrid_bin.57
[barrnap] Found: 16S_rRNA NODE_6935_length_10697_cov_37.837705 L=1529/1585 453..1981 - 16S ribosomal RNA	C13F5_subsampled_20Gb_Hybrid_bin.58
[barrnap] Found: 16S_rRNA NODE_4080_length_17819_cov_2.913149 L=1506/1585 7096..8601 - 16S ribosomal RNA	C13F5_subsampled_20Gb_Hybrid_bin.59
[barrnap] Found: 16S_rRNA NODE_164_length_235951_cov_4.788579 L=1529/1585 118882..120410 + 16S ribosomal RNA	C13F5_subsampled_20Gb_Hybrid_bin.63
[barrnap] Found: 16S_rRNA NODE_388_length_124520_cov_6.028524 L=1529/1585 66090..67618 - 16S ribosomal RNA	C13F5_subsampled_20Gb_Hybrid_bin.63
[barrnap] Found: 16S_rRNA NODE_1099_length_55662_cov_97.698810 L=1536/1585 3765..5300 - 16S ribosomal RNA	C13F5_subsampled_20Gb_Hybrid_bin.69
[barrnap] Found: 16S_rRNA NODE_1607_length_41143_cov_79.946034 L=1536/1585 17940..19475 + 16S ribosomal RNA	C13F5_subsampled_20Gb_Hybrid_bin.69
[barrnap] Found: 16S_rRNA NODE_919_length_64475_cov_71.345657 L=1536/1585 58793..60328 + 16S ribosomal RNA	C13F5_subsampled_20Gb_Hybrid_bin.69
[barrnap] Found: 16S_rRNA NODE_1129_length_54457_cov_4.822639 L=1530/1585 23937..25466 - 16S ribosomal RNA	C13F5_subsampled_20Gb_Hybrid_bin.70
[barrnap] Found: 16S_rRNA NODE_1456_length_44540_cov_7.666254 L=1530/1585 20127..21656 + 16S ribosomal RNA	C13F5_subsampled_20Gb_Hybrid_bin.70
[barrnap] Found: 16S_rRNA NODE_3591_length_20012_cov_6.614172 L=1530/1585 513..2042 - 16S ribosomal RNA	C13F5_subsampled_20Gb_Hybrid_bin.70
[barrnap] Found: 16S_rRNA NODE_4112_length_17683_cov_6.173851 L=1530/1585 15768..17297 + 16S ribosomal RNA	C13F5_subsampled_20Gb_Hybrid_bin.70
[barrnap] Found: 16S_rRNA NODE_1_length_2804767_cov_50.657323 L=1509/1585 1970481..1971989 + 16S ribosomal RNA	C13F5_subsampled_20Gb_Hybrid_bin.71
[barrnap] Found: 16S_rRNA NODE_1_length_2804767_cov_50.657323 L=1509/1585 760485..761993 - 16S ribosomal RNA	C13F5_subsampled_20Gb_Hybrid_bin.71
[barrnap] Found: 16S_rRNA NODE_1_length_2804767_cov_50.657323 L=1509/1585 1262311..1263819 - 16S ribosomal RNA	C13F5_subsampled_20Gb_Hybrid_bin.71
[barrnap] Found: 16S_rRNA NODE_2280_length_30119_cov_12.508794 L=1536/1585 28177..29712 + 16S ribosomal RNA	C13F5_subsampled_20Gb_Hybrid_bin.7
[barrnap] Found: 16S_rRNA NODE_36_length_505135_cov_16.791361 L=1531/1585 243027..244557 + 16S ribosomal RNA	C13F5_subsampled_20Gb_Hybrid_bin.72
[barrnap] Found: 16S_rRNA NODE_4_length_1185344_cov_18.649971 L=1531/1585 204953..206483 - 16S ribosomal RNA	C13F5_subsampled_20Gb_Hybrid_bin.72
[barrnap] Found: 16S_rRNA NODE_4_length_1185344_cov_18.649971 L=1531/1585 248265..249795 - 16S ribosomal RNA	C13F5_subsampled_20Gb_Hybrid_bin.72
[barrnap] Found: 16S_rRNA NODE_58_length_454245_cov_17.622126 L=1531/1585 377040..378570 - 16S ribosomal RNA	C13F5_subsampled_20Gb_Hybrid_bin.72
[barrnap] Found: 16S_rRNA NODE_11940_length_5878_cov_20.668455 L=1528/1585 3723..5250 + 16S ribosomal RNA	C13F5_subsampled_20Gb_Hybrid_bin.73
[barrnap] Found: 16S_rRNA NODE_4119_length_17643_cov_8.700239 L=1528/1585 659..2186 - 16S ribosomal RNA	C13F5_subsampled_20Gb_Hybrid_bin.73
[barrnap] Found: 16S_rRNA NODE_12_length_776942_cov_101.334700 L=1536/1585 181378..182913 - 16S ribosomal RNA	C13F5_subsampled_20Gb_Hybrid_bin.75
[barrnap] Found: 16S_rRNA NODE_24_length_610816_cov_77.845505 L=1536/1585 287243..288778 + 16S ribosomal RNA	C13F5_subsampled_20Gb_Hybrid_bin.75
[barrnap] Found: 16S_rRNA NODE_12_length_776942_cov_101.334700 L=1518/1585 439968..441485 - 16S ribosomal RNA	C13F5_subsampled_20Gb_Hybrid_bin.75
[barrnap] Found: 16S_rRNA NODE_22_length_641784_cov_107.274934 L=1518/1585 167260..168777 - 16S ribosomal RNA	C13F5_subsampled_20Gb_Hybrid_bin.75
[barrnap] Found: 16S_rRNA NODE_22_length_641784_cov_107.274934 L=1518/1585 447509..449026 - 16S ribosomal RNA	C13F5_subsampled_20Gb_Hybrid_bin.75
[barrnap] Found: 16S_rRNA NODE_319_length_144987_cov_11.090739 L=1521/1585 99917..101437 + 16S ribosomal RNA	C13F5_subsampled_20Gb_Hybrid_bin.78
[barrnap] Found: 16S_rRNA NODE_476_length_108002_cov_10.196862 L=1521/1585 48309..49829 + 16S ribosomal RNA	C13F5_subsampled_20Gb_Hybrid_bin.78
[barrnap] Found: 16S_rRNA NODE_5294_length_13866_cov_30.326651 L=1521/1585 8413..9933 + 16S ribosomal RNA	C13F5_subsampled_20Gb_Hybrid_bin.78
[barrnap] Found: 16S_rRNA NODE_533_length_100295_cov_16.566450 L=1521/1585 37240..38760 - 16S ribosomal RNA	C13F5_subsampled_20Gb_Hybrid_bin.78
[barrnap] Found: 16S_rRNA NODE_2_length_2004461_cov_69.977759 L=1525/1585 1154845..1156369 + 16S ribosomal RNA	C13F5_subsampled_20Gb_Hybrid_bin.79
[barrnap] Found: 16S_rRNA NODE_2_length_2004461_cov_69.977759 L=1525/1585 273221..274745 - 16S ribosomal RNA	C13F5_subsampled_20Gb_Hybrid_bin.79
[barrnap] Found: 16S_rRNA NODE_195_length_214581_cov_4.995179 L=1526/1585 99006..100531 + 16S ribosomal RNA	C13F5_subsampled_20Gb_Hybrid_bin.82
[barrnap] Found: 16S_rRNA NODE_3188_length_21117_cov_134.076173 L=551/1585 20566..21116 + 16S ribosomal RNA (partial)	C13F5_subsampled_40Gb_bin.16
[barrnap] Found: 16S_rRNA NODE_100_length_176442_cov_41.035102 L=418/1585 1..418 - 16S ribosomal RNA (partial)	C13F5_subsampled_40Gb_bin.35
[barrnap] Found: 16S_rRNA NODE_16_length_295248_cov_128.121982 L=942/1585 2..943 - 16S ribosomal RNA (partial)	C13F5_subsampled_40Gb_bin.39
[barrnap] Found: 16S_rRNA NODE_46_length_234596_cov_62.163345 L=1528/1585 232239..233766 + 16S ribosomal RNA	C13F5_subsampled_40Gb_bin.49
[barrnap] Found: 16S_rRNA NODE_5303_length_12268_cov_5.364944 L=1511/1585 7884..9394 + 16S ribosomal RNA	C13F5_subsampled_40Gb_bin.58
[barrnap] Found: 16S_rRNA NODE_10872_length_5756_cov_225.816334 L=1509/1585 441..1949 + 16S ribosomal RNA	C13F5_subsampled_40Gb_bin.64
[barrnap] Found: 16S_rRNA NODE_289_length_112575_cov_5.674419 L=1511/1585 7337..8847 - 16S ribosomal RNA	C13F5_subsampled_40Gb_bin.78
