C04M3_hifiasm_r63_complete.11.fa.gz	1
C04M3_hifiasm_r63_complete.113.fa.gz	1
C04M3_hifiasm_r63_complete.13.fa.gz	1
C04M3_hifiasm_r63_complete.148.fa.gz	1
C04M3_hifiasm_r63_complete.16.fa.gz	1
C04M3_hifiasm_r63_complete.40.fa.gz	1
C04M3_hifiasm_r63_complete.49.fa.gz	1
C04M3_hifiasm_r63_complete.5.fa.gz	1
C04M3_hifiasm_r63_complete.52.fa.gz	1
C04M3_hifiasm_r63_complete.76.fa.gz	1
C04M3_hifiasm_r63_complete.94.fa.gz	1
C04M3_hifiasm_r63_metabat2.102.fa.gz	3
C04M3_hifiasm_r63_metabat2.104.fa.gz	7
C04M3_hifiasm_r63_metabat2.127.fa.gz	4
C04M3_hifiasm_r63_metabat2.138.fa.gz	4
C04M3_hifiasm_r63_metabat2.148.fa.gz	2
C04M3_hifiasm_r63_metabat2.155.fa.gz	2
C04M3_hifiasm_r63_metabat2.158.fa.gz	7
C04M3_hifiasm_r63_metabat2.167.fa.gz	3
C04M3_hifiasm_r63_metabat2.183.fa.gz	3
C04M3_hifiasm_r63_metabat2.196.fa.gz	4
C04M3_hifiasm_r63_metabat2.23.fa.gz	3
C04M3_hifiasm_r63_metabat2.62.fa.gz	4
C04M3_hifiasm_r63_metabat2.78.fa.gz	4
C04M3_hifiasm_r63_metabat2.84_sub.fa.gz	19
C04M3_hifiasm_r63_semibin2_0.fa.gz	4
C04M3_hifiasm_r63_semibin2_1.fa.gz	8
C04M3_hifiasm_r63_semibin2_10.fa.gz	7
C04M3_hifiasm_r63_semibin2_12.fa.gz	3
C04M3_hifiasm_r63_semibin2_13.fa.gz	3
C04M3_hifiasm_r63_semibin2_14.fa.gz	7
C04M3_hifiasm_r63_semibin2_16.fa.gz	4
C04M3_hifiasm_r63_semibin2_17.fa.gz	6
C04M3_hifiasm_r63_semibin2_19.fa.gz	7
C04M3_hifiasm_r63_semibin2_20.fa.gz	3
C04M3_hifiasm_r63_semibin2_21.fa.gz	4
C04M3_hifiasm_r63_semibin2_22.fa.gz	5
C04M3_hifiasm_r63_semibin2_25.fa.gz	7
C04M3_hifiasm_r63_semibin2_26.fa.gz	4
C04M3_hifiasm_r63_semibin2_27.fa.gz	7
C04M3_hifiasm_r63_semibin2_28.fa.gz	5
C04M3_hifiasm_r63_semibin2_29.fa.gz	14
C04M3_hifiasm_r63_semibin2_3.fa.gz	3
C04M3_hifiasm_r63_semibin2_30.fa.gz	5
C04M3_hifiasm_r63_semibin2_31.fa.gz	14
C04M3_hifiasm_r63_semibin2_33.fa.gz	5
C04M3_hifiasm_r63_semibin2_34.fa.gz	10
C04M3_hifiasm_r63_semibin2_37.fa.gz	18
C04M3_hifiasm_r63_semibin2_39.fa.gz	12
C04M3_hifiasm_r63_semibin2_40.fa.gz	17
C04M3_hifiasm_r63_semibin2_41.fa.gz	17
C04M3_hifiasm_r63_semibin2_42.fa.gz	2
C04M3_subsampled_20Gb_Hybrid_bin.1.fa.gz	132
C04M3_subsampled_20Gb_Hybrid_bin.10.fa.gz	356
C04M3_subsampled_20Gb_Hybrid_bin.11.fa.gz	64
C04M3_subsampled_20Gb_Hybrid_bin.12.fa.gz	11
C04M3_subsampled_20Gb_Hybrid_bin.13.fa.gz	236
C04M3_subsampled_20Gb_Hybrid_bin.14.fa.gz	345
C04M3_subsampled_20Gb_Hybrid_bin.15.fa.gz	30
C04M3_subsampled_20Gb_Hybrid_bin.16.fa.gz	30
C04M3_subsampled_20Gb_Hybrid_bin.17.fa.gz	33
C04M3_subsampled_20Gb_Hybrid_bin.18.fa.gz	192
C04M3_subsampled_20Gb_Hybrid_bin.19.fa.gz	279
C04M3_subsampled_20Gb_Hybrid_bin.2.fa.gz	91
C04M3_subsampled_20Gb_Hybrid_bin.20.fa.gz	36
C04M3_subsampled_20Gb_Hybrid_bin.21.fa.gz	364
C04M3_subsampled_20Gb_Hybrid_bin.22.fa.gz	12
C04M3_subsampled_20Gb_Hybrid_bin.23.fa.gz	80
C04M3_subsampled_20Gb_Hybrid_bin.24.fa.gz	112
C04M3_subsampled_20Gb_Hybrid_bin.25.fa.gz	20
C04M3_subsampled_20Gb_Hybrid_bin.26.fa.gz	103
C04M3_subsampled_20Gb_Hybrid_bin.27.fa.gz	88
C04M3_subsampled_20Gb_Hybrid_bin.28.fa.gz	80
C04M3_subsampled_20Gb_Hybrid_bin.29.fa.gz	91
C04M3_subsampled_20Gb_Hybrid_bin.3.fa.gz	59
C04M3_subsampled_20Gb_Hybrid_bin.30.fa.gz	106
C04M3_subsampled_20Gb_Hybrid_bin.31.fa.gz	274
C04M3_subsampled_20Gb_Hybrid_bin.32.fa.gz	17
C04M3_subsampled_20Gb_Hybrid_bin.33.fa.gz	35
C04M3_subsampled_20Gb_Hybrid_bin.34.fa.gz	18
C04M3_subsampled_20Gb_Hybrid_bin.35.fa.gz	79
C04M3_subsampled_20Gb_Hybrid_bin.36.fa.gz	324
C04M3_subsampled_20Gb_Hybrid_bin.37.fa.gz	5
C04M3_subsampled_20Gb_Hybrid_bin.38.fa.gz	52
C04M3_subsampled_20Gb_Hybrid_bin.39.fa.gz	272
C04M3_subsampled_20Gb_Hybrid_bin.4.fa.gz	142
C04M3_subsampled_20Gb_Hybrid_bin.40.fa.gz	224
C04M3_subsampled_20Gb_Hybrid_bin.41.fa.gz	196
C04M3_subsampled_20Gb_Hybrid_bin.42.fa.gz	47
C04M3_subsampled_20Gb_Hybrid_bin.43.fa.gz	2
C04M3_subsampled_20Gb_Hybrid_bin.44.fa.gz	46
C04M3_subsampled_20Gb_Hybrid_bin.45.fa.gz	25
C04M3_subsampled_20Gb_Hybrid_bin.46.fa.gz	222
C04M3_subsampled_20Gb_Hybrid_bin.47.fa.gz	104
C04M3_subsampled_20Gb_Hybrid_bin.48.fa.gz	22
C04M3_subsampled_20Gb_Hybrid_bin.49.fa.gz	21
C04M3_subsampled_20Gb_Hybrid_bin.5.fa.gz	39
C04M3_subsampled_20Gb_Hybrid_bin.50.fa.gz	306
C04M3_subsampled_20Gb_Hybrid_bin.51.fa.gz	6
C04M3_subsampled_20Gb_Hybrid_bin.52.fa.gz	8
C04M3_subsampled_20Gb_Hybrid_bin.53.fa.gz	74
C04M3_subsampled_20Gb_Hybrid_bin.54.fa.gz	163
C04M3_subsampled_20Gb_Hybrid_bin.55.fa.gz	175
C04M3_subsampled_20Gb_Hybrid_bin.56.fa.gz	486
C04M3_subsampled_20Gb_Hybrid_bin.57.fa.gz	111
C04M3_subsampled_20Gb_Hybrid_bin.58.fa.gz	64
C04M3_subsampled_20Gb_Hybrid_bin.59.fa.gz	76
C04M3_subsampled_20Gb_Hybrid_bin.6.fa.gz	327
C04M3_subsampled_20Gb_Hybrid_bin.60.fa.gz	29
C04M3_subsampled_20Gb_Hybrid_bin.61.fa.gz	171
C04M3_subsampled_20Gb_Hybrid_bin.62.fa.gz	499
C04M3_subsampled_20Gb_Hybrid_bin.63.fa.gz	274
C04M3_subsampled_20Gb_Hybrid_bin.64.fa.gz	36
C04M3_subsampled_20Gb_Hybrid_bin.65.fa.gz	66
C04M3_subsampled_20Gb_Hybrid_bin.66.fa.gz	40
C04M3_subsampled_20Gb_Hybrid_bin.67.fa.gz	268
C04M3_subsampled_20Gb_Hybrid_bin.68.fa.gz	275
C04M3_subsampled_20Gb_Hybrid_bin.69.fa.gz	213
C04M3_subsampled_20Gb_Hybrid_bin.7.fa.gz	143
C04M3_subsampled_20Gb_Hybrid_bin.70.fa.gz	27
C04M3_subsampled_20Gb_Hybrid_bin.71.fa.gz	221
C04M3_subsampled_20Gb_Hybrid_bin.72.fa.gz	66
C04M3_subsampled_20Gb_Hybrid_bin.73.fa.gz	75
C04M3_subsampled_20Gb_Hybrid_bin.74.fa.gz	23
C04M3_subsampled_20Gb_Hybrid_bin.75.fa.gz	83
C04M3_subsampled_20Gb_Hybrid_bin.76.fa.gz	365
C04M3_subsampled_20Gb_Hybrid_bin.77.fa.gz	10
C04M3_subsampled_20Gb_Hybrid_bin.78.fa.gz	96
C04M3_subsampled_20Gb_Hybrid_bin.79.fa.gz	65
C04M3_subsampled_20Gb_Hybrid_bin.8.fa.gz	31
C04M3_subsampled_20Gb_Hybrid_bin.80.fa.gz	246
C04M3_subsampled_20Gb_Hybrid_bin.81.fa.gz	44
C04M3_subsampled_20Gb_Hybrid_bin.82.fa.gz	48
C04M3_subsampled_20Gb_Hybrid_bin.83.fa.gz	236
C04M3_subsampled_20Gb_Hybrid_bin.84.fa.gz	34
C04M3_subsampled_20Gb_Hybrid_bin.85.fa.gz	170
C04M3_subsampled_20Gb_Hybrid_bin.86.fa.gz	333
C04M3_subsampled_20Gb_Hybrid_bin.87.fa.gz	4
C04M3_subsampled_20Gb_Hybrid_bin.88.fa.gz	1
C04M3_subsampled_20Gb_Hybrid_bin.89.fa.gz	3
C04M3_subsampled_20Gb_Hybrid_bin.9.fa.gz	38
C04M3_subsampled_20Gb_Hybrid_bin.90.fa.gz	316
C04M3_subsampled_20Gb_bin.1.fa.gz	58
C04M3_subsampled_20Gb_bin.10.fa.gz	322
C04M3_subsampled_20Gb_bin.11.fa.gz	65
C04M3_subsampled_20Gb_bin.12.fa.gz	31
C04M3_subsampled_20Gb_bin.13.fa.gz	56
C04M3_subsampled_20Gb_bin.14.fa.gz	472
C04M3_subsampled_20Gb_bin.15.fa.gz	42
C04M3_subsampled_20Gb_bin.16.fa.gz	204
C04M3_subsampled_20Gb_bin.17.fa.gz	56
C04M3_subsampled_20Gb_bin.18.fa.gz	216
C04M3_subsampled_20Gb_bin.19.fa.gz	59
C04M3_subsampled_20Gb_bin.2.fa.gz	561
C04M3_subsampled_20Gb_bin.20.fa.gz	147
C04M3_subsampled_20Gb_bin.21.fa.gz	494
C04M3_subsampled_20Gb_bin.22.fa.gz	127
C04M3_subsampled_20Gb_bin.23.fa.gz	150
C04M3_subsampled_20Gb_bin.24.fa.gz	169
C04M3_subsampled_20Gb_bin.25.fa.gz	163
C04M3_subsampled_20Gb_bin.26.fa.gz	103
C04M3_subsampled_20Gb_bin.27.fa.gz	711
C04M3_subsampled_20Gb_bin.28.fa.gz	198
C04M3_subsampled_20Gb_bin.29.fa.gz	135
C04M3_subsampled_20Gb_bin.3.fa.gz	152
C04M3_subsampled_20Gb_bin.30.fa.gz	649
C04M3_subsampled_20Gb_bin.31.fa.gz	107
C04M3_subsampled_20Gb_bin.32.fa.gz	59
C04M3_subsampled_20Gb_bin.33.fa.gz	19
C04M3_subsampled_20Gb_bin.34.fa.gz	36
C04M3_subsampled_20Gb_bin.35.fa.gz	49
C04M3_subsampled_20Gb_bin.36.fa.gz	61
C04M3_subsampled_20Gb_bin.37.fa.gz	305
C04M3_subsampled_20Gb_bin.38.fa.gz	570
C04M3_subsampled_20Gb_bin.39.fa.gz	431
C04M3_subsampled_20Gb_bin.4.fa.gz	76
C04M3_subsampled_20Gb_bin.40.fa.gz	211
C04M3_subsampled_20Gb_bin.41.fa.gz	41
C04M3_subsampled_20Gb_bin.42.fa.gz	105
C04M3_subsampled_20Gb_bin.43.fa.gz	109
C04M3_subsampled_20Gb_bin.44.fa.gz	88
C04M3_subsampled_20Gb_bin.45.fa.gz	593
C04M3_subsampled_20Gb_bin.46.fa.gz	41
C04M3_subsampled_20Gb_bin.47.fa.gz	157
C04M3_subsampled_20Gb_bin.48.fa.gz	353
C04M3_subsampled_20Gb_bin.49.fa.gz	832
C04M3_subsampled_20Gb_bin.5.fa.gz	633
C04M3_subsampled_20Gb_bin.50.fa.gz	73
C04M3_subsampled_20Gb_bin.51.fa.gz	7
C04M3_subsampled_20Gb_bin.52.fa.gz	193
C04M3_subsampled_20Gb_bin.53.fa.gz	105
C04M3_subsampled_20Gb_bin.54.fa.gz	185
C04M3_subsampled_20Gb_bin.55.fa.gz	144
C04M3_subsampled_20Gb_bin.56.fa.gz	257
C04M3_subsampled_20Gb_bin.57.fa.gz	56
C04M3_subsampled_20Gb_bin.58.fa.gz	270
C04M3_subsampled_20Gb_bin.59.fa.gz	279
C04M3_subsampled_20Gb_bin.6.fa.gz	562
C04M3_subsampled_20Gb_bin.60.fa.gz	237
C04M3_subsampled_20Gb_bin.61.fa.gz	346
C04M3_subsampled_20Gb_bin.62.fa.gz	284
C04M3_subsampled_20Gb_bin.63.fa.gz	450
C04M3_subsampled_20Gb_bin.64.fa.gz	139
C04M3_subsampled_20Gb_bin.65.fa.gz	290
C04M3_subsampled_20Gb_bin.66.fa.gz	691
C04M3_subsampled_20Gb_bin.67.fa.gz	84
C04M3_subsampled_20Gb_bin.68.fa.gz	577
C04M3_subsampled_20Gb_bin.69.fa.gz	73
C04M3_subsampled_20Gb_bin.7.fa.gz	44
C04M3_subsampled_20Gb_bin.70.fa.gz	67
C04M3_subsampled_20Gb_bin.71.fa.gz	485
C04M3_subsampled_20Gb_bin.72.fa.gz	513
C04M3_subsampled_20Gb_bin.73.fa.gz	167
C04M3_subsampled_20Gb_bin.74.fa.gz	10
C04M3_subsampled_20Gb_bin.75.fa.gz	28
C04M3_subsampled_20Gb_bin.8.fa.gz	78
C04M3_subsampled_20Gb_bin.9.fa.gz	351
C04M3_subsampled_40Gb_bin.1.fa.gz	49
C04M3_subsampled_40Gb_bin.10.fa.gz	203
C04M3_subsampled_40Gb_bin.100.fa.gz	646
C04M3_subsampled_40Gb_bin.101.fa.gz	294
C04M3_subsampled_40Gb_bin.102.fa.gz	100
C04M3_subsampled_40Gb_bin.103.fa.gz	167
C04M3_subsampled_40Gb_bin.104.fa.gz	179
C04M3_subsampled_40Gb_bin.105.fa.gz	116
C04M3_subsampled_40Gb_bin.106.fa.gz	56
C04M3_subsampled_40Gb_bin.107.fa.gz	240
C04M3_subsampled_40Gb_bin.108.fa.gz	55
C04M3_subsampled_40Gb_bin.11.fa.gz	109
C04M3_subsampled_40Gb_bin.12.fa.gz	29
C04M3_subsampled_40Gb_bin.13.fa.gz	32
C04M3_subsampled_40Gb_bin.14.fa.gz	27
C04M3_subsampled_40Gb_bin.15.fa.gz	523
C04M3_subsampled_40Gb_bin.16.fa.gz	345
C04M3_subsampled_40Gb_bin.17.fa.gz	85
C04M3_subsampled_40Gb_bin.18.fa.gz	236
C04M3_subsampled_40Gb_bin.19.fa.gz	214
C04M3_subsampled_40Gb_bin.2.fa.gz	179
C04M3_subsampled_40Gb_bin.20.fa.gz	141
C04M3_subsampled_40Gb_bin.21.fa.gz	141
C04M3_subsampled_40Gb_bin.22.fa.gz	125
C04M3_subsampled_40Gb_bin.23.fa.gz	142
C04M3_subsampled_40Gb_bin.24.fa.gz	45
C04M3_subsampled_40Gb_bin.25.fa.gz	116
C04M3_subsampled_40Gb_bin.26.fa.gz	343
C04M3_subsampled_40Gb_bin.27.fa.gz	538
C04M3_subsampled_40Gb_bin.28.fa.gz	133
C04M3_subsampled_40Gb_bin.29.fa.gz	105
C04M3_subsampled_40Gb_bin.3.fa.gz	75
C04M3_subsampled_40Gb_bin.30.fa.gz	345
C04M3_subsampled_40Gb_bin.31.fa.gz	161
C04M3_subsampled_40Gb_bin.32.fa.gz	540
C04M3_subsampled_40Gb_bin.33.fa.gz	66
C04M3_subsampled_40Gb_bin.34.fa.gz	230
C04M3_subsampled_40Gb_bin.35.fa.gz	57
C04M3_subsampled_40Gb_bin.36.fa.gz	53
C04M3_subsampled_40Gb_bin.37.fa.gz	44
C04M3_subsampled_40Gb_bin.38.fa.gz	221
C04M3_subsampled_40Gb_bin.39.fa.gz	107
C04M3_subsampled_40Gb_bin.4.fa.gz	166
C04M3_subsampled_40Gb_bin.40.fa.gz	224
C04M3_subsampled_40Gb_bin.41.fa.gz	151
C04M3_subsampled_40Gb_bin.42.fa.gz	183
C04M3_subsampled_40Gb_bin.43.fa.gz	408
C04M3_subsampled_40Gb_bin.44.fa.gz	870
C04M3_subsampled_40Gb_bin.45.fa.gz	656
C04M3_subsampled_40Gb_bin.46.fa.gz	245
C04M3_subsampled_40Gb_bin.47.fa.gz	580
C04M3_subsampled_40Gb_bin.48.fa.gz	122
C04M3_subsampled_40Gb_bin.49.fa.gz	912
C04M3_subsampled_40Gb_bin.5.fa.gz	455
C04M3_subsampled_40Gb_bin.50.fa.gz	108
C04M3_subsampled_40Gb_bin.51.fa.gz	223
C04M3_subsampled_40Gb_bin.52.fa.gz	206
C04M3_subsampled_40Gb_bin.53.fa.gz	654
C04M3_subsampled_40Gb_bin.54.fa.gz	56
C04M3_subsampled_40Gb_bin.55.fa.gz	60
C04M3_subsampled_40Gb_bin.56.fa.gz	45
C04M3_subsampled_40Gb_bin.57.fa.gz	435
C04M3_subsampled_40Gb_bin.58.fa.gz	716
C04M3_subsampled_40Gb_bin.59.fa.gz	120
C04M3_subsampled_40Gb_bin.6.fa.gz	335
C04M3_subsampled_40Gb_bin.60.fa.gz	71
C04M3_subsampled_40Gb_bin.61.fa.gz	68
C04M3_subsampled_40Gb_bin.62.fa.gz	44
C04M3_subsampled_40Gb_bin.63.fa.gz	52
C04M3_subsampled_40Gb_bin.64.fa.gz	850
C04M3_subsampled_40Gb_bin.65.fa.gz	105
C04M3_subsampled_40Gb_bin.66.fa.gz	111
C04M3_subsampled_40Gb_bin.67.fa.gz	7
C04M3_subsampled_40Gb_bin.68.fa.gz	130
C04M3_subsampled_40Gb_bin.69.fa.gz	72
C04M3_subsampled_40Gb_bin.7.fa.gz	216
C04M3_subsampled_40Gb_bin.70.fa.gz	425
C04M3_subsampled_40Gb_bin.71.fa.gz	841
C04M3_subsampled_40Gb_bin.72.fa.gz	101
C04M3_subsampled_40Gb_bin.73.fa.gz	144
C04M3_subsampled_40Gb_bin.74.fa.gz	181
C04M3_subsampled_40Gb_bin.75.fa.gz	123
C04M3_subsampled_40Gb_bin.76.fa.gz	7
C04M3_subsampled_40Gb_bin.77.fa.gz	278
C04M3_subsampled_40Gb_bin.78.fa.gz	33
C04M3_subsampled_40Gb_bin.79.fa.gz	553
C04M3_subsampled_40Gb_bin.8.fa.gz	93
C04M3_subsampled_40Gb_bin.80.fa.gz	28
C04M3_subsampled_40Gb_bin.81.fa.gz	138
C04M3_subsampled_40Gb_bin.82.fa.gz	264
C04M3_subsampled_40Gb_bin.83.fa.gz	161
C04M3_subsampled_40Gb_bin.84.fa.gz	173
C04M3_subsampled_40Gb_bin.85.fa.gz	66
C04M3_subsampled_40Gb_bin.86.fa.gz	39
C04M3_subsampled_40Gb_bin.87.fa.gz	74
C04M3_subsampled_40Gb_bin.88.fa.gz	205
C04M3_subsampled_40Gb_bin.89.fa.gz	40
C04M3_subsampled_40Gb_bin.9.fa.gz	38
C04M3_subsampled_40Gb_bin.90.fa.gz	99
C04M3_subsampled_40Gb_bin.91.fa.gz	120
C04M3_subsampled_40Gb_bin.92.fa.gz	11
C04M3_subsampled_40Gb_bin.93.fa.gz	203
C04M3_subsampled_40Gb_bin.94.fa.gz	304
C04M3_subsampled_40Gb_bin.95.fa.gz	44
C04M3_subsampled_40Gb_bin.96.fa.gz	89
C04M3_subsampled_40Gb_bin.97.fa.gz	41
C04M3_subsampled_40Gb_bin.98.fa.gz	54
C04M3_subsampled_40Gb_bin.99.fa.gz	621
C13F5_hifiasm_r63_complete.2.fa.gz	1
C13F5_hifiasm_r63_complete.20.fa.gz	1
C13F5_hifiasm_r63_complete.24.fa.gz	1
C13F5_hifiasm_r63_complete.3.fa.gz	1
C13F5_hifiasm_r63_complete.36.fa.gz	1
C13F5_hifiasm_r63_complete.37.fa.gz	1
C13F5_hifiasm_r63_complete.38.fa.gz	1
C13F5_hifiasm_r63_complete.41.fa.gz	1
C13F5_hifiasm_r63_complete.55.fa.gz	1
C13F5_hifiasm_r63_complete.84.fa.gz	1
C13F5_hifiasm_r63_metabat2.100.fa.gz	2
C13F5_hifiasm_r63_metabat2.105.fa.gz	3
C13F5_hifiasm_r63_metabat2.113.fa.gz	3
C13F5_hifiasm_r63_metabat2.116.fa.gz	19
C13F5_hifiasm_r63_metabat2.120.fa.gz	4
C13F5_hifiasm_r63_metabat2.125.fa.gz	2
C13F5_hifiasm_r63_metabat2.126.fa.gz	3
C13F5_hifiasm_r63_metabat2.128.fa.gz	3
C13F5_hifiasm_r63_metabat2.129.fa.gz	2
C13F5_hifiasm_r63_metabat2.138.fa.gz	2
C13F5_hifiasm_r63_metabat2.150.fa.gz	20
C13F5_hifiasm_r63_metabat2.151.fa.gz	1
C13F5_hifiasm_r63_metabat2.178.fa.gz	4
C13F5_hifiasm_r63_metabat2.19.fa.gz	2
C13F5_hifiasm_r63_metabat2.197.fa.gz	5
C13F5_hifiasm_r63_metabat2.208.fa.gz	4
C13F5_hifiasm_r63_metabat2.29.fa.gz	5
C13F5_hifiasm_r63_metabat2.30.fa.gz	11
C13F5_hifiasm_r63_metabat2.34.fa.gz	5
C13F5_hifiasm_r63_metabat2.47.fa.gz	4
C13F5_hifiasm_r63_metabat2.48.fa.gz	3
C13F5_hifiasm_r63_metabat2.55.fa.gz	3
C13F5_hifiasm_r63_metabat2.61.fa.gz	1
C13F5_hifiasm_r63_metabat2.70.fa.gz	18
C13F5_hifiasm_r63_metabat2.77.fa.gz	3
C13F5_hifiasm_r63_metabat2.81.fa.gz	2
C13F5_hifiasm_r63_metabat2.90.fa.gz	3
C13F5_hifiasm_r63_metabat2.91.fa.gz	4
C13F5_hifiasm_r63_metabat2.92.fa.gz	4
C13F5_hifiasm_r63_metabat2.96.fa.gz	6
C13F5_hifiasm_r63_metabat2.98.fa.gz	11
C13F5_hifiasm_r63_semibin2_10.fa.gz	3
C13F5_hifiasm_r63_semibin2_11.fa.gz	4
C13F5_hifiasm_r63_semibin2_13.fa.gz	6
C13F5_hifiasm_r63_semibin2_19.fa.gz	12
C13F5_hifiasm_r63_semibin2_22_sub.fa.gz	3
C13F5_hifiasm_r63_semibin2_25.fa.gz	8
C13F5_hifiasm_r63_semibin2_26.fa.gz	1
C13F5_hifiasm_r63_semibin2_29.fa.gz	7
C13F5_hifiasm_r63_semibin2_31.fa.gz	5
C13F5_hifiasm_r63_semibin2_34.fa.gz	3
C13F5_hifiasm_r63_semibin2_35.fa.gz	4
C13F5_hifiasm_r63_semibin2_36.fa.gz	6
C13F5_hifiasm_r63_semibin2_41.fa.gz	19
C13F5_hifiasm_r63_semibin2_43.fa.gz	6
C13F5_hifiasm_r63_semibin2_47.fa.gz	16
C13F5_hifiasm_r63_semibin2_52.fa.gz	11
C13F5_hifiasm_r63_semibin2_6.fa.gz	4
C13F5_hifiasm_r63_semibin2_62.fa.gz	3
C13F5_hifiasm_r63_semibin2_68.fa.gz	7
C13F5_hifiasm_r63_semibin2_7.fa.gz	2
C13F5_subsampled_20Gb_Hybrid_bin.1.fa.gz	23
C13F5_subsampled_20Gb_Hybrid_bin.10.fa.gz	320
C13F5_subsampled_20Gb_Hybrid_bin.11.fa.gz	156
C13F5_subsampled_20Gb_Hybrid_bin.12.fa.gz	34
C13F5_subsampled_20Gb_Hybrid_bin.13.fa.gz	185
C13F5_subsampled_20Gb_Hybrid_bin.14.fa.gz	45
C13F5_subsampled_20Gb_Hybrid_bin.15.fa.gz	116
C13F5_subsampled_20Gb_Hybrid_bin.16.fa.gz	37
C13F5_subsampled_20Gb_Hybrid_bin.17.fa.gz	9
C13F5_subsampled_20Gb_Hybrid_bin.18.fa.gz	83
C13F5_subsampled_20Gb_Hybrid_bin.19.fa.gz	80
C13F5_subsampled_20Gb_Hybrid_bin.2.fa.gz	321
C13F5_subsampled_20Gb_Hybrid_bin.20.fa.gz	102
C13F5_subsampled_20Gb_Hybrid_bin.21.fa.gz	13
C13F5_subsampled_20Gb_Hybrid_bin.22.fa.gz	322
C13F5_subsampled_20Gb_Hybrid_bin.23.fa.gz	49
C13F5_subsampled_20Gb_Hybrid_bin.24.fa.gz	314
C13F5_subsampled_20Gb_Hybrid_bin.25.fa.gz	66
C13F5_subsampled_20Gb_Hybrid_bin.26.fa.gz	265
C13F5_subsampled_20Gb_Hybrid_bin.27.fa.gz	262
C13F5_subsampled_20Gb_Hybrid_bin.28.fa.gz	13
C13F5_subsampled_20Gb_Hybrid_bin.29.fa.gz	15
C13F5_subsampled_20Gb_Hybrid_bin.3.fa.gz	35
C13F5_subsampled_20Gb_Hybrid_bin.30.fa.gz	20
C13F5_subsampled_20Gb_Hybrid_bin.31.fa.gz	213
C13F5_subsampled_20Gb_Hybrid_bin.32.fa.gz	10
C13F5_subsampled_20Gb_Hybrid_bin.33.fa.gz	81
C13F5_subsampled_20Gb_Hybrid_bin.34.fa.gz	7
C13F5_subsampled_20Gb_Hybrid_bin.35.fa.gz	80
C13F5_subsampled_20Gb_Hybrid_bin.36.fa.gz	23
C13F5_subsampled_20Gb_Hybrid_bin.37.fa.gz	38
C13F5_subsampled_20Gb_Hybrid_bin.38.fa.gz	235
C13F5_subsampled_20Gb_Hybrid_bin.39.fa.gz	10
C13F5_subsampled_20Gb_Hybrid_bin.4.fa.gz	47
C13F5_subsampled_20Gb_Hybrid_bin.40.fa.gz	314
C13F5_subsampled_20Gb_Hybrid_bin.41.fa.gz	92
C13F5_subsampled_20Gb_Hybrid_bin.42.fa.gz	38
C13F5_subsampled_20Gb_Hybrid_bin.43.fa.gz	220
C13F5_subsampled_20Gb_Hybrid_bin.44.fa.gz	203
C13F5_subsampled_20Gb_Hybrid_bin.45.fa.gz	364
C13F5_subsampled_20Gb_Hybrid_bin.46.fa.gz	9
C13F5_subsampled_20Gb_Hybrid_bin.47.fa.gz	207
C13F5_subsampled_20Gb_Hybrid_bin.48.fa.gz	14
C13F5_subsampled_20Gb_Hybrid_bin.49.fa.gz	91
C13F5_subsampled_20Gb_Hybrid_bin.5.fa.gz	152
C13F5_subsampled_20Gb_Hybrid_bin.50.fa.gz	183
C13F5_subsampled_20Gb_Hybrid_bin.51.fa.gz	34
C13F5_subsampled_20Gb_Hybrid_bin.52.fa.gz	209
C13F5_subsampled_20Gb_Hybrid_bin.53.fa.gz	70
C13F5_subsampled_20Gb_Hybrid_bin.54.fa.gz	203
C13F5_subsampled_20Gb_Hybrid_bin.55.fa.gz	9
C13F5_subsampled_20Gb_Hybrid_bin.56.fa.gz	162
C13F5_subsampled_20Gb_Hybrid_bin.57.fa.gz	51
C13F5_subsampled_20Gb_Hybrid_bin.58.fa.gz	99
C13F5_subsampled_20Gb_Hybrid_bin.59.fa.gz	489
C13F5_subsampled_20Gb_Hybrid_bin.6.fa.gz	273
C13F5_subsampled_20Gb_Hybrid_bin.60.fa.gz	410
C13F5_subsampled_20Gb_Hybrid_bin.61.fa.gz	287
C13F5_subsampled_20Gb_Hybrid_bin.62.fa.gz	17
C13F5_subsampled_20Gb_Hybrid_bin.63.fa.gz	134
C13F5_subsampled_20Gb_Hybrid_bin.64.fa.gz	161
C13F5_subsampled_20Gb_Hybrid_bin.65.fa.gz	258
C13F5_subsampled_20Gb_Hybrid_bin.66.fa.gz	214
C13F5_subsampled_20Gb_Hybrid_bin.67.fa.gz	16
C13F5_subsampled_20Gb_Hybrid_bin.68.fa.gz	25
C13F5_subsampled_20Gb_Hybrid_bin.69.fa.gz	33
C13F5_subsampled_20Gb_Hybrid_bin.7.fa.gz	109
C13F5_subsampled_20Gb_Hybrid_bin.70.fa.gz	110
C13F5_subsampled_20Gb_Hybrid_bin.71.fa.gz	1
C13F5_subsampled_20Gb_Hybrid_bin.72.fa.gz	12
C13F5_subsampled_20Gb_Hybrid_bin.73.fa.gz	215
C13F5_subsampled_20Gb_Hybrid_bin.74.fa.gz	112
C13F5_subsampled_20Gb_Hybrid_bin.75.fa.gz	88
C13F5_subsampled_20Gb_Hybrid_bin.76.fa.gz	88
C13F5_subsampled_20Gb_Hybrid_bin.77.fa.gz	250
C13F5_subsampled_20Gb_Hybrid_bin.78.fa.gz	160
C13F5_subsampled_20Gb_Hybrid_bin.79.fa.gz	1
C13F5_subsampled_20Gb_Hybrid_bin.8.fa.gz	336
C13F5_subsampled_20Gb_Hybrid_bin.80.fa.gz	241
C13F5_subsampled_20Gb_Hybrid_bin.81.fa.gz	82
C13F5_subsampled_20Gb_Hybrid_bin.82.fa.gz	67
C13F5_subsampled_20Gb_Hybrid_bin.83.fa.gz	657
C13F5_subsampled_20Gb_Hybrid_bin.9.fa.gz	35
C13F5_subsampled_20Gb_bin.1.fa.gz	533
C13F5_subsampled_20Gb_bin.10.fa.gz	730
C13F5_subsampled_20Gb_bin.11.fa.gz	38
C13F5_subsampled_20Gb_bin.12.fa.gz	51
C13F5_subsampled_20Gb_bin.13.fa.gz	129
C13F5_subsampled_20Gb_bin.14.fa.gz	60
C13F5_subsampled_20Gb_bin.16.fa.gz	25
C13F5_subsampled_20Gb_bin.17.fa.gz	107
C13F5_subsampled_20Gb_bin.18.fa.gz	39
C13F5_subsampled_20Gb_bin.19.fa.gz	339
C13F5_subsampled_20Gb_bin.2.fa.gz	8
C13F5_subsampled_20Gb_bin.20.fa.gz	45
C13F5_subsampled_20Gb_bin.21.fa.gz	184
C13F5_subsampled_20Gb_bin.22.fa.gz	221
C13F5_subsampled_20Gb_bin.23.fa.gz	155
C13F5_subsampled_20Gb_bin.24.fa.gz	32
C13F5_subsampled_20Gb_bin.25.fa.gz	80
C13F5_subsampled_20Gb_bin.26.fa.gz	91
C13F5_subsampled_20Gb_bin.27.fa.gz	175
C13F5_subsampled_20Gb_bin.28.fa.gz	426
C13F5_subsampled_20Gb_bin.29.fa.gz	272
C13F5_subsampled_20Gb_bin.3.fa.gz	16
C13F5_subsampled_20Gb_bin.30.fa.gz	131
C13F5_subsampled_20Gb_bin.31.fa.gz	516
C13F5_subsampled_20Gb_bin.32.fa.gz	83
C13F5_subsampled_20Gb_bin.33.fa.gz	62
C13F5_subsampled_20Gb_bin.34.fa.gz	193
C13F5_subsampled_20Gb_bin.35.fa.gz	50
C13F5_subsampled_20Gb_bin.36.fa.gz	359
C13F5_subsampled_20Gb_bin.37.fa.gz	98
C13F5_subsampled_20Gb_bin.38.fa.gz	529
C13F5_subsampled_20Gb_bin.39.fa.gz	50
C13F5_subsampled_20Gb_bin.4.fa.gz	357
C13F5_subsampled_20Gb_bin.40.fa.gz	746
C13F5_subsampled_20Gb_bin.41.fa.gz	138
C13F5_subsampled_20Gb_bin.42.fa.gz	44
C13F5_subsampled_20Gb_bin.43.fa.gz	44
C13F5_subsampled_20Gb_bin.44.fa.gz	90
C13F5_subsampled_20Gb_bin.45.fa.gz	279
C13F5_subsampled_20Gb_bin.46.fa.gz	238
C13F5_subsampled_20Gb_bin.47.fa.gz	95
C13F5_subsampled_20Gb_bin.48.fa.gz	255
C13F5_subsampled_20Gb_bin.49.fa.gz	606
C13F5_subsampled_20Gb_bin.5.fa.gz	78
C13F5_subsampled_20Gb_bin.50.fa.gz	36
C13F5_subsampled_20Gb_bin.51.fa.gz	472
C13F5_subsampled_20Gb_bin.52.fa.gz	205
C13F5_subsampled_20Gb_bin.53.fa.gz	57
C13F5_subsampled_20Gb_bin.54.fa.gz	106
C13F5_subsampled_20Gb_bin.55.fa.gz	68
C13F5_subsampled_20Gb_bin.56.fa.gz	467
C13F5_subsampled_20Gb_bin.57.fa.gz	34
C13F5_subsampled_20Gb_bin.58.fa.gz	221
C13F5_subsampled_20Gb_bin.59.fa.gz	96
C13F5_subsampled_20Gb_bin.6.fa.gz	500
C13F5_subsampled_20Gb_bin.60.fa.gz	197
C13F5_subsampled_20Gb_bin.61.fa.gz	519
C13F5_subsampled_20Gb_bin.62.fa.gz	193
C13F5_subsampled_20Gb_bin.63.fa.gz	676
C13F5_subsampled_20Gb_bin.64.fa.gz	201
C13F5_subsampled_20Gb_bin.65.fa.gz	33
C13F5_subsampled_20Gb_bin.66.fa.gz	706
C13F5_subsampled_20Gb_bin.67.fa.gz	353
C13F5_subsampled_20Gb_bin.68.fa.gz	32
C13F5_subsampled_20Gb_bin.7.fa.gz	458
C13F5_subsampled_20Gb_bin.8.fa.gz	476
C13F5_subsampled_20Gb_bin.9.fa.gz	203
C13F5_subsampled_40Gb_bin.1.fa.gz	599
C13F5_subsampled_40Gb_bin.10.fa.gz	215
C13F5_subsampled_40Gb_bin.11.fa.gz	155
C13F5_subsampled_40Gb_bin.12.fa.gz	123
C13F5_subsampled_40Gb_bin.13.fa.gz	370
C13F5_subsampled_40Gb_bin.14.fa.gz	309
C13F5_subsampled_40Gb_bin.15.fa.gz	490
C13F5_subsampled_40Gb_bin.16.fa.gz	89
C13F5_subsampled_40Gb_bin.17.fa.gz	85
C13F5_subsampled_40Gb_bin.18.fa.gz	543
C13F5_subsampled_40Gb_bin.19.fa.gz	31
C13F5_subsampled_40Gb_bin.2.fa.gz	250
C13F5_subsampled_40Gb_bin.20.fa.gz	43
C13F5_subsampled_40Gb_bin.21.fa.gz	45
C13F5_subsampled_40Gb_bin.22.fa.gz	147
C13F5_subsampled_40Gb_bin.23.fa.gz	40
C13F5_subsampled_40Gb_bin.24.fa.gz	160
C13F5_subsampled_40Gb_bin.25.fa.gz	57
C13F5_subsampled_40Gb_bin.26.fa.gz	518
C13F5_subsampled_40Gb_bin.27.fa.gz	892
C13F5_subsampled_40Gb_bin.28.fa.gz	147
C13F5_subsampled_40Gb_bin.29.fa.gz	420
C13F5_subsampled_40Gb_bin.3.fa.gz	230
C13F5_subsampled_40Gb_bin.30.fa.gz	790
C13F5_subsampled_40Gb_bin.31.fa.gz	57
C13F5_subsampled_40Gb_bin.32.fa.gz	325
C13F5_subsampled_40Gb_bin.33.fa.gz	156
C13F5_subsampled_40Gb_bin.34.fa.gz	343
C13F5_subsampled_40Gb_bin.35.fa.gz	56
C13F5_subsampled_40Gb_bin.36.fa.gz	411
C13F5_subsampled_40Gb_bin.37.fa.gz	662
C13F5_subsampled_40Gb_bin.38.fa.gz	63
C13F5_subsampled_40Gb_bin.39.fa.gz	13
C13F5_subsampled_40Gb_bin.4.fa.gz	786
C13F5_subsampled_40Gb_bin.40.fa.gz	334
C13F5_subsampled_40Gb_bin.41.fa.gz	70
C13F5_subsampled_40Gb_bin.42.fa.gz	207
C13F5_subsampled_40Gb_bin.43.fa.gz	87
C13F5_subsampled_40Gb_bin.44.fa.gz	148
C13F5_subsampled_40Gb_bin.45.fa.gz	132
C13F5_subsampled_40Gb_bin.46.fa.gz	234
C13F5_subsampled_40Gb_bin.47.fa.gz	410
C13F5_subsampled_40Gb_bin.48.fa.gz	449
C13F5_subsampled_40Gb_bin.49.fa.gz	44
C13F5_subsampled_40Gb_bin.5.fa.gz	75
C13F5_subsampled_40Gb_bin.50.fa.gz	338
C13F5_subsampled_40Gb_bin.51.fa.gz	110
C13F5_subsampled_40Gb_bin.52.fa.gz	67
C13F5_subsampled_40Gb_bin.53.fa.gz	53
C13F5_subsampled_40Gb_bin.54.fa.gz	660
C13F5_subsampled_40Gb_bin.55.fa.gz	240
C13F5_subsampled_40Gb_bin.56.fa.gz	108
C13F5_subsampled_40Gb_bin.57.fa.gz	131
C13F5_subsampled_40Gb_bin.58.fa.gz	60
C13F5_subsampled_40Gb_bin.59.fa.gz	37
C13F5_subsampled_40Gb_bin.6.fa.gz	226
C13F5_subsampled_40Gb_bin.60.fa.gz	79
C13F5_subsampled_40Gb_bin.61.fa.gz	33
C13F5_subsampled_40Gb_bin.62.fa.gz	198
C13F5_subsampled_40Gb_bin.63.fa.gz	460
C13F5_subsampled_40Gb_bin.64.fa.gz	34
C13F5_subsampled_40Gb_bin.65.fa.gz	261
C13F5_subsampled_40Gb_bin.66.fa.gz	790
C13F5_subsampled_40Gb_bin.67.fa.gz	48
C13F5_subsampled_40Gb_bin.68.fa.gz	123
C13F5_subsampled_40Gb_bin.69.fa.gz	426
C13F5_subsampled_40Gb_bin.7.fa.gz	33
C13F5_subsampled_40Gb_bin.70.fa.gz	216
C13F5_subsampled_40Gb_bin.71.fa.gz	253
C13F5_subsampled_40Gb_bin.72.fa.gz	94
C13F5_subsampled_40Gb_bin.73.fa.gz	124
C13F5_subsampled_40Gb_bin.74.fa.gz	77
C13F5_subsampled_40Gb_bin.75.fa.gz	10
C13F5_subsampled_40Gb_bin.76.fa.gz	156
C13F5_subsampled_40Gb_bin.77.fa.gz	469
C13F5_subsampled_40Gb_bin.78.fa.gz	57
C13F5_subsampled_40Gb_bin.79.fa.gz	43
C13F5_subsampled_40Gb_bin.8.fa.gz	51
C13F5_subsampled_40Gb_bin.80.fa.gz	536
C13F5_subsampled_40Gb_bin.81.fa.gz	249
C13F5_subsampled_40Gb_bin.82.fa.gz	810
C13F5_subsampled_40Gb_bin.83.fa.gz	701
C13F5_subsampled_40Gb_bin.9.fa.gz	78
